gene,cytoband,CNA,num,freq
AOC3,17q21.31,HOMDEL,816,0.4%
NSMF,9q34.3,HOMDEL,816,0.4%
IFITM1,11p15.5,HOMDEL,816,0.9%
ZBTB18,1q44,AMP,816,14.1%
GPR146,7p22.3,HOMDEL,816,0.5%
RABL6,9q34.3,HOMDEL,816,0.4%
RNA5SP81,1q43,AMP,816,13.7%
RNA5SP82,1q44,AMP,816,14.1%
C19ORF12,19q12,AMP,816,4.0%
UAP1L1,9q34.3,HOMDEL,816,0.4%
NBR2,17q21.31,HOMDEL,816,0.9%
LRRC74A,14q24.3,HOMDEL,816,0.1%
MED27,9q34.13,HOMDEL,816,0.2%
UFSP2,4q35.1,HOMDEL,816,1.7%
PLD5,1q43,AMP,816,14.1%
MLX,17q21.2,HOMDEL,816,0.5%
IQSEC3,12p13.33,AMP,816,4.2%
QSOX2,9q34.3,HOMDEL,816,0.5%
FCN2,9q34.3,HOMDEL,816,0.5%
ASB6,9q34.11,HOMDEL,816,0.4%
TUSC2,3p21.31,HOMDEL,816,0.7%
GAK,4p16.3,HOMDEL,816,0.9%
NLRP3,1q44,AMP,816,14.1%
C8G,9q34.3,HOMDEL,816,0.4%
SIRT5,6p23,AMP,816,2.8%
ALG8,11q14.1,AMP,816,7.5%
ZNF644,1p22.2,HOMDEL,816,0.1%
MAPK11,22q13.33,HOMDEL,816,0.9%
SNX25,4q35.1,HOMDEL,816,1.7%
PRRG4,11p13,AMP,816,3.2%
PLA2G2D,1p36.12,HOMDEL,816,0.5%
PHTF1,1p13.2,HOMDEL,816,0.2%
SPMIP3,1q44,AMP,816,14.0%
DNAAF3,19q13.42,AMP,816,2.6%
BRI3BP,12q24.31,HOMDEL,816,0.2%
ORAI1,12q24.31,HOMDEL,816,0.1%
PADI6,1p36.13,HOMDEL,816,0.6%
DACT3,19q13.32,HOMDEL,816,0.1%
SNX14,6q14.3,HOMDEL,816,0.2%
TRABD,22q13.33,HOMDEL,816,0.9%
ZNF530,19q13.43,AMP,816,2.1%
ESRRA,11q13.1,HOMDEL,816,0.1%
OVOL1,11q13.1,HOMDEL,816,0.2%
SBNO1,12q24.31,HOMDEL,816,0.2%
ZNF670,1q44,AMP,816,14.5%
PGAP3,17q12,AMP,816,12.9%
ZNF496,1q44,AMP,816,14.0%
SNORD62B,9q34.13,HOMDEL,816,0.2%
NAGLU,17q21.2,HOMDEL,816,0.5%
GCN1,12q24.23,HOMDEL,816,0.2%
GALC,14q31.3,HOMDEL,816,0.1%
PRMT6,1p13.3,HOMDEL,816,0.2%
GAPT,5q11.2,HOMDEL,816,1.2%
DUX4L5,4q35.2,HOMDEL,816,2.1%
SF1,11q13.1,HOMDEL,816,0.2%
DHX8,17q21.31,HOMDEL,816,0.5%
USP20,9q34.11,HOMDEL,816,0.4%
COL5A1,9q34.3,HOMDEL,816,0.5%
GPR31,6q27,HOMDEL,816,1.3%
DEFB126,20p13,HOMDEL,816,0.9%
NDUFAF3,3p21.31,HOMDEL,816,0.5%
FAM43B,1p36.12,HOMDEL,816,0.5%
ZNG1F,9p11.2,HOMDEL,816,1.0%
UBE2S,19q13.42,AMP,816,2.7%
ZC3H12C,11q22.3,HOMDEL,816,1.5%
SNORD3A,17p11.2,HOMDEL,816,0.9%
NLRP7,19q13.42,AMP,816,2.2%
GARIN6,12q23.1,HOMDEL,816,0.4%
OBP2A,9q34.3,HOMDEL,816,0.5%
SH2D5,1p36.12,HOMDEL,816,0.5%
RPL28,19q13.42,AMP,816,2.7%
TRMU,22q13.31,HOMDEL,816,0.6%
WDR6,3p21.31,HOMDEL,816,0.5%
FAM187A,17q21.31,HOMDEL,816,0.6%
SERPINB1,6p25.2,HOMDEL,816,1.0%
OVGP1,1p13.2,HOMDEL,816,0.2%
ST7L,1p13.2,HOMDEL,816,0.4%
MAP3K11,11q13.1,HOMDEL,816,0.2%
NOTCH3,19p13.12,AMP,816,2.7%
TCAP,17q12,AMP,816,12.6%
STRIP1,1p13.3,HOMDEL,816,0.2%
TEKT4P2,21p11.2,HOMDEL,816,2.2%
HSPBP1,19q13.42,AMP,816,2.7%
DUX4L3,4q35.2,HOMDEL,816,2.1%
ZNF732,4p16.3,HOMDEL,816,0.9%
SLC25A39,17q21.31,HOMDEL,816,0.6%
MRPL41,9q34.3,HOMDEL,816,0.6%
EP400P1,12q24.33,HOMDEL,816,0.6%
HTR7P1,12p13.1,HOMDEL,816,0.6%
RUNDC1,17q21.31,HOMDEL,816,0.4%
LCN1,9q34.3,HOMDEL,816,0.5%
POGLUT2,13q33.1,AMP,816,2.2%
MIER3,5q11.2,HOMDEL,816,1.5%
ADAMTSL2,9q34.2,HOMDEL,816,0.4%
NUDT1,7p22.3,HOMDEL,816,0.6%
RILPL1,12q24.31,HOMDEL,816,0.2%
KMO,1q43,AMP,816,13.7%
TRMT13,1p21.2,HOMDEL,816,0.1%
KCTD14,11q14.1,AMP,816,8.1%
PRAMEF12,1p36.21,HOMDEL,816,0.6%
GPSM2,1p13.3,HOMDEL,816,0.5%
POU2AF2,11q23.1,HOMDEL,816,1.6%
SRARP,1p36.13,HOMDEL,816,0.7%
FOXD4L5,9q21.11,HOMDEL,816,1.0%
FOXD4L4,9q21.11,HOMDEL,816,1.0%
MYC,8q24.21,AMP,816,21.2%
BRD9,5p15.33,AMP,816,2.7%
SYDE2,1p22.3,HOMDEL,816,0.1%
TRIAP1,12q24.31,HOMDEL,816,0.1%
HSP90AA4P,4q35.2,HOMDEL,816,2.1%
ZSCAN18,19q13.43,AMP,816,2.1%
RIPK1,6p25.2,HOMDEL,816,1.0%
GARIN2,14q23.3,HOMDEL,816,0.2%
COL4A2,13q34,AMP,816,2.6%
COL4A1,13q34,AMP,816,2.6%
VPS51,11q13.1,HOMDEL,816,0.2%
PADI3,1p36.13,HOMDEL,816,0.6%
CDA,1p36.12,HOMDEL,816,0.5%
AHCYL1,1p13.3,HOMDEL,816,0.2%
ZIM2,19q13.43,AMP,816,2.2%
SYNCRIP,6q14.3,HOMDEL,816,0.4%
MIOX,22q13.33,HOMDEL,816,0.9%
SYNDIG1L,14q24.3,HOMDEL,816,0.2%
TUBGCP3,13q34,AMP,816,2.5%
BBC3,19q13.32,HOMDEL,816,0.1%
LTBP3,11q13.1,HOMDEL,816,0.2%
SMOC1,14q24.1,HOMDEL,816,0.2%
ZNF776,19q13.43,AMP,816,2.5%
NALF1,13q33.3,AMP,816,2.6%
MIR3667HG,22q13.33,HOMDEL,816,0.9%
ZIK1,19q13.43,AMP,816,2.1%
PIEZO1,16q24.3,HOMDEL,816,2.0%
ZNF547,19q13.43,AMP,816,2.0%
GLT6D1,9q34.3,HOMDEL,816,0.5%
PGPEP1L,15q26.3,AMP,816,4.3%
GET4,7p22.3,HOMDEL,816,0.5%
CTRC,1p36.21,HOMDEL,816,0.6%
LINC00555,13q33.1,AMP,816,2.2%
LINC00557,13q32.1,AMP,816,2.1%
LINC00554,13q32.3,AMP,816,2.9%
TRAPPC2L,16q24.3,HOMDEL,816,2.0%
CCDC168,13q33.1,AMP,816,2.2%
ADSS2,1q44,AMP,816,14.0%
NRARP,9q34.3,HOMDEL,816,0.4%
ZNF410,14q24.3,HOMDEL,816,0.2%
ANKRD20A4P,9q13,HOMDEL,816,1.0%
CLCNKB,1p36.13,HOMDEL,816,0.7%
GPER1,7p22.3,HOMDEL,816,0.5%
PLEKHH3,17q21.2,HOMDEL,816,0.5%
WHAMMP2,15q13.1,HOMDEL,816,2.3%
UBL4B,1p13.3,HOMDEL,816,0.2%
PDE6B,4p16.3,HOMDEL,816,0.9%
WNT5B,12p13.33,AMP,816,3.8%
PANX2,22q13.33,HOMDEL,816,0.9%
CDC42BPG,11q13.1,HOMDEL,816,0.2%
PNMA8A,19q13.32,HOMDEL,816,0.2%
SLC26A1,4p16.3,HOMDEL,816,0.9%
ACBD4,17q21.31,HOMDEL,816,0.7%
B4GALNT3,12p13.33,AMP,816,4.2%
ADAM20P1,14q24.2,HOMDEL,816,0.4%
UQCRC1,3p21.31,HOMDEL,816,0.5%
SNX15,11q13.1,HOMDEL,816,0.2%
CAPZB,1p36.13,HOMDEL,816,0.6%
S1PR1,1p21.2,HOMDEL,816,0.2%
FRG1,4q35.2,HOMDEL,816,2.1%
CDHR4,3p21.31,HOMDEL,816,0.6%
DCLRE1B,1p13.2,HOMDEL,816,0.2%
HEBP1,12p13.1,HOMDEL,816,0.6%
SWINGN,13q34,AMP,816,2.7%
ANKK1,11q23.2,HOMDEL,816,1.5%
TMTC4,13q32.3,AMP,816,2.5%
SPATA7,14q31.3,HOMDEL,816,0.1%
DACT2,6q27,HOMDEL,816,1.2%
LRRC14B,5p15.33,AMP,816,2.7%
GPRC5A,12p13.1,HOMDEL,816,0.6%
PRRX2,9q34.11,HOMDEL,816,0.4%
GTF3C5,9q34.13,HOMDEL,816,0.2%
TAFA5,22q13.32,HOMDEL,816,1.3%
HDAC5,17q21.31,HOMDEL,816,0.5%
CLPTM1L,5p15.33,AMP,816,2.8%
CYBA,16q24.2,HOMDEL,816,2.0%
LINC02907,9q34.3,HOMDEL,816,0.5%
LSMEM2,3p21.31,HOMDEL,816,0.7%
KIF25,6q27,HOMDEL,816,1.2%
SNHG7,9q34.3,HOMDEL,816,0.4%
PSMC3IP,17q21.2,HOMDEL,816,0.5%
TNNI3,19q13.42,AMP,816,2.6%
DUX4L6,4q35.2,HOMDEL,816,2.1%
CCDC73,11p13,AMP,816,3.1%
TNNT1,19q13.42,AMP,816,2.6%
MICALL2,7p22.3,HOMDEL,816,0.5%
GLT1D1,12q24.33,HOMDEL,816,0.4%
SMYD3,1q44,AMP,816,14.1%
MRPS2,9q34.3,HOMDEL,816,0.5%
ZNF606,19q13.43,AMP,816,2.3%
GPR107,9q34.11,HOMDEL,816,0.5%
COX18,4q13.3,AMP,816,2.2%
ASB16,17q21.31,HOMDEL,816,0.5%
ISM2,14q24.3,HOMDEL,816,0.1%
LRRC37A4P,17q21.31,HOMDEL,816,0.5%
FBXW5,9q34.3,HOMDEL,816,0.4%
LINC02692,9q34.3,HOMDEL,816,0.4%
SLC22A23,6p25.2,HOMDEL,816,1.0%
APOC3,11q23.3,HOMDEL,816,1.2%
GPX1,3p21.31,HOMDEL,816,0.5%
ZNF544,19q13.43,AMP,816,2.3%
ARL17B,17q21.31,HOMDEL,816,0.5%
SIPA1L1,14q24.2,HOMDEL,816,0.4%
PLK2,5q11.2,HOMDEL,816,1.1%
STPG3,9q34.3,HOMDEL,816,0.4%
PPP2R5B,11q13.1,HOMDEL,816,0.2%
FGF14,13q33.1,AMP,816,2.6%
VAT1,17q21.31,HOMDEL,816,0.4%
TMEM229B,14q24.1,HOMDEL,816,0.1%
FAM74A3,9q21.11,HOMDEL,816,1.0%
TBC1D20,20p13,HOMDEL,816,0.9%
MTNR1A,4q35.2,HOMDEL,816,2.0%
LFNG,7p22.3,HOMDEL,816,0.5%
MAP3K9,14q24.2,HOMDEL,816,0.4%
LTBP2,14q24.3,HOMDEL,816,0.4%
FZD10,12q24.33,HOMDEL,816,0.4%
DUX4L7,4q35.2,HOMDEL,816,2.1%
ALDH6A1,14q24.3,HOMDEL,816,0.2%
MYO7A,11q13.5,AMP,816,7.1%
HIF3A,19q13.32,HOMDEL,816,0.1%
ENTPD2,9q34.3,HOMDEL,816,0.4%
SIK3,11q23.3,HOMDEL,816,1.2%
ME1,6q14.2,HOMDEL,816,0.4%
USP29,19q13.43,AMP,816,2.3%
JDP2,14q24.3,HOMDEL,816,0.2%
BRD3OS,9q34.2,HOMDEL,816,0.4%
TMCO3,13q34,AMP,816,2.6%
ZSCAN1,19q13.43,AMP,816,2.2%
RNF212,4p16.3,HOMDEL,816,0.9%
FERMT3,11q13.1,HOMDEL,816,0.1%
SAC3D1,11q13.1,HOMDEL,816,0.2%
ZNF773,19q13.43,AMP,816,2.2%
CASP3,4q35.1,HOMDEL,816,1.7%
NAXD,13q34,AMP,816,2.5%
PUS1,12q24.33,HOMDEL,816,0.7%
ZNF71,19q13.4,AMP,816,2.3%
ZNF550,19q13.43,AMP,816,2.2%
FAM27B,9q21.11,HOMDEL,816,1.0%
GALNS,16q24.3,HOMDEL,816,2.0%
GLB1L3,11q25,HOMDEL,816,2.0%
NUP214,9q34.13,HOMDEL,816,0.2%
OR2T4,1q44,AMP,816,14.1%
TGDS,13q32.1,AMP,816,2.1%
SNAI3,16q24.2,HOMDEL,816,2.0%
SNORD62A,9q34.13,HOMDEL,816,0.2%
FAM78A,9q34.13,HOMDEL,816,0.2%
CTTNBP2NL,1p13.2,HOMDEL,816,0.4%
OR2W5P,1q44,AMP,816,14.1%
OR2L13,1q44,AMP,816,14.1%
OR13G1,1q44,AMP,816,14.1%
PPP5D1P,19q13.32,HOMDEL,816,0.1%
CDKN2A,9p21.3,HOMDEL,816,3.3%
VPS26B,11q25,HOMDEL,816,2.0%
KAT5,11q13.1,HOMDEL,816,0.2%
SYDE1,19p13.12,AMP,816,2.7%
MALAT1,11q13.1,HOMDEL,816,0.2%
MAP1LC3C,1q43,AMP,816,13.6%
OR2T11,1q44,AMP,816,14.1%
GGACT,13q32.3,AMP,816,2.3%
CREBL2,12p13.1,HOMDEL,816,0.6%
P4HTM,3p21.31,HOMDEL,816,0.5%
DDX51,12q24.33,HOMDEL,816,0.6%
GRIFIN,7p22.3,HOMDEL,816,0.5%
APBA2,15q13.1,HOMDEL,816,2.3%
RBM7,11q23.1-q23.2,HOMDEL,816,1.5%
FH,1q43,AMP,816,13.7%
HNF1A,12q24.31,HOMDEL,816,0.1%
LINC00939,12q24.32,HOMDEL,816,0.5%
LHX3,9q34.3,HOMDEL,816,0.5%
ZBTB17,1p36.13,HOMDEL,816,0.7%
ENTPD5,14q24.3,HOMDEL,816,0.2%
TPP2,13q33.1,AMP,816,2.2%
ZNF140,12q24.33,HOMDEL,816,0.5%
DNAJC3,13q32.1,AMP,816,2.1%
CFAP276,1p13.3,HOMDEL,816,0.2%
TEX56P,6p25.2,HOMDEL,816,1.0%
NCS1,9q34.11,HOMDEL,816,0.5%
TARS2,1q21.2,AMP,816,14.8%
CCDC200,17q21.31,HOMDEL,816,0.5%
PTEN,10q23.31,HOMDEL,816,5.1%
CEP72,5p15.33,AMP,816,2.7%
TRIM58,1q44,AMP,816,14.1%
CDCA5,11q13.1,HOMDEL,816,0.2%
G6PC3,17q21.31,HOMDEL,816,0.5%
ZNF639,3q26.33,AMP,816,5.1%
KANSL1,17q21.31,HOMDEL,816,0.5%
GOLGA8J,15q13.2,HOMDEL,816,2.3%
FIBCD1,9q34.12,HOMDEL,816,0.2%
WDR64,1q43,AMP,816,13.8%
CROCCP2,1p36.13,HOMDEL,816,0.6%
SNORD22,11q13,AMP,816,2.1%
DALRD3,3p21.31,HOMDEL,816,0.5%
PRAMEF5,1p36.21,HOMDEL,816,0.6%
NAGS,17q21.31,HOMDEL,816,0.5%
GPATCH2L,14q24.3,HOMDEL,816,0.1%
CHMP1A,16q24.3,HOMDEL,816,2.2%
OXGR1,13q32.1,AMP,816,2.5%
CD300LG,17q21.31,HOMDEL,816,0.5%
KNTC1,12q24.31,HOMDEL,816,0.1%
PGM5,9q21.11,HOMDEL,816,1.1%
ZNHIT6,1p22.3,HOMDEL,816,0.1%
CNR1,6q15,HOMDEL,816,0.2%
SLC22A12,11q13.1,HOMDEL,816,0.1%
NR2C2,3p25.1,AMP,816,2.5%
GOLGA8H,15q13.2,HOMDEL,816,2.3%
UNC93A,6q27,HOMDEL,816,1.3%
LINC00857,10q22.3,AMP,816,2.7%
IGF1R,15q26.3,AMP,816,4.7%
ENSA,1q21.3,AMP,816,15.2%
RPS6KL1,14q24.2,HOMDEL,816,0.2%
PLCB3,11q13.1,HOMDEL,816,0.1%
PRP4K,6p25.2,HOMDEL,816,1.0%
GMPPB,3p21.31,HOMDEL,816,0.6%
KIF17,1p36.12,HOMDEL,816,0.5%
DDX55,12q24.31,HOMDEL,816,0.2%
PPP1R12C,19q13.42,AMP,816,2.6%
ALDH4A1,1p36.13,HOMDEL,816,0.5%
RNF34,12q24.31,HOMDEL,816,0.1%
KDM2B,12q24.31,HOMDEL,816,0.1%
CAMSAP1,9q34.3,HOMDEL,816,0.5%
VTI1B,14q24.1,HOMDEL,816,0.2%
TRIP13,5p15.33,AMP,816,2.7%
PLEKHG4B,5p15.33,AMP,816,2.7%
SLC6A17,1p13.3,HOMDEL,816,0.2%
PPP1R26,9q34.3,HOMDEL,816,0.5%
OR2M5,1q44,AMP,816,14.1%
SNORD44,1q25.1,AMP,816,2.5%
FGD5,3p25.1,AMP,816,2.5%
PGM3,6q14.1,HOMDEL,816,0.4%
PRAMEF19,1p36.21,HOMDEL,816,0.6%
SETD1B,12q24.31,HOMDEL,816,0.2%
UBXN10,1p36.12,HOMDEL,816,0.5%
DIO2,14q31.1,HOMDEL,816,0.2%
ADAMTSL4,1q21.2,AMP,816,15.2%
RANBP9,6p23,AMP,816,2.7%
IDUA,4p16.3,HOMDEL,816,0.9%
FKRP,19q13.32,HOMDEL,816,0.1%
ARHGAP27,17q21.31,HOMDEL,816,0.6%
RTCA,1p21.2,HOMDEL,816,0.1%
PFKFB4,3p21.31,HOMDEL,816,0.5%
GPBP1,5q11.2,HOMDEL,816,1.5%
REXO1,19p13.3,HOMDEL,816,1.0%
OR2M3,1q44,AMP,816,14.1%
IRX4,5p15.33,AMP,816,2.3%
ARRDC1-AS1,9q34.3,HOMDEL,816,0.6%
RAD52,12p13.33,AMP,816,4.2%
TRAPPC11,4q35.1,HOMDEL,816,1.7%
POU2AF1,11q23.1,HOMDEL,816,1.6%
GTF2A1,14q31.1,HOMDEL,816,0.1%
TIMM8B,11q23.1,HOMDEL,816,1.6%
OR2T34,1q44,AMP,816,14.1%
OR2T10,1q44,AMP,816,14.1%
PAX7,1p36.13,HOMDEL,816,0.5%
TRAF2,9q34.3,HOMDEL,816,0.5%
SIRT3,11p15.5,HOMDEL,816,0.9%
OR14A16,1q44,AMP,816,14.1%
CIT,12q24.23,HOMDEL,816,0.2%
GOLGA8T,15q13.2,HOMDEL,816,2.3%
OR2T12,1q44,AMP,816,14.1%
DCAKD,17q21.31,HOMDEL,816,0.7%
OR14C36,1q44,AMP,816,14.1%
TUBD1,17q23.1,AMP,816,10.9%
ZSCAN4,19q13.43,AMP,816,2.5%
ZNF10,12q24.33,HOMDEL,816,0.5%
SLC6A19,5p15.33,AMP,816,2.7%
TUBB2A,6p25.2,HOMDEL,816,1.0%
CAMKK2,12q24.31,HOMDEL,816,0.1%
AADACL4,1p36.21,HOMDEL,816,0.5%
GLB1L2,11q25,HOMDEL,816,2.0%
UBC,12q24.3,HOMDEL,816,0.2%
MC1R,16q24.3,HOMDEL,816,2.2%
ZNF579,19q13.42,AMP,816,2.8%
IRF4,6p25.3,HOMDEL,816,1.5%
ABCC4,13q32.1,AMP,816,2.2%
VAV2,9q34.2,HOMDEL,816,0.4%
HSD17B1,17q21.2,HOMDEL,816,0.5%
SLC10A1,14q24.1,HOMDEL,816,0.2%
IQCE,7p22.3,HOMDEL,816,0.5%
RNY5P8,13q33.1,AMP,816,2.2%
IL31RA,5q11.2,HOMDEL,816,1.3%
GPR63,6q16.1,HOMDEL,816,0.2%
DCTD,4q35.1,HOMDEL,816,2.1%
ZNF580,19q13.42,AMP,816,2.8%
ANHX,12q24.33,HOMDEL,816,0.5%
MIDEAS,14q24.3,HOMDEL,816,0.5%
EFNB2,13q33.3,AMP,816,2.1%
OR2T7,1q44,AMP,816,14.1%
CEPT1,1p13.3,HOMDEL,816,0.4%
RNA5SP173,4q34.3,HOMDEL,816,1.5%
PNPLA7,9q34.3,HOMDEL,816,0.6%
FNBP1,9q34.11,HOMDEL,816,0.4%
ATP8B3,19p13.3,HOMDEL,816,1.0%
EML5,14q31.3,HOMDEL,816,0.1%
CLDN25,11q23.2,HOMDEL,816,1.5%
MUS81,11q13,HOMDEL,816,0.2%
KLKB1,4q35.2,HOMDEL,816,1.7%
GSTZ1,14q24.3,HOMDEL,816,0.1%
ANKLE2,12q24.33,HOMDEL,816,0.5%
CRAT,9q34.11,HOMDEL,816,0.2%
ZDHHC11B,5p15.33,AMP,816,2.7%
YLPM1,14q24.3,HOMDEL,816,0.2%
SOHLH1,9q34.3,HOMDEL,816,0.5%
VWA5B1,1p36.12,HOMDEL,816,0.5%
SFSWAP,12q24.33,HOMDEL,816,0.7%
LAMB2,3p21.31,HOMDEL,816,0.5%
ASS1,9q34.11,HOMDEL,816,0.4%
KCNMB2,3q26.32,AMP,816,5.0%
SAE1,19q13.32,HOMDEL,816,0.1%
LCN9,9q34.3,HOMDEL,816,0.5%
OR2L5,1q44,AMP,816,14.1%
ZCCHC24,10q22.3,AMP,816,2.6%
DHRS3,1p36.21,HOMDEL,816,0.5%
PLEKHH1,14q24.1,HOMDEL,816,0.1%
NPAS1,19q13.32,HOMDEL,816,0.1%
OR2G3,1q44,AMP,816,14.1%
ATP11AUN,13q34,AMP,816,2.5%
SSNA1,9q34.3,HOMDEL,816,0.4%
NRXN3,14q24.3-q31.1,HOMDEL,816,0.6%
UBA7,3p21.31,HOMDEL,816,0.6%
EFTUD2,17q21.31,HOMDEL,816,0.6%
GBGT1,9q34.2,HOMDEL,816,0.2%
NTMT1,9q34.11,HOMDEL,816,0.4%
ARIH2,3p21.31,HOMDEL,816,0.5%
ZNF664,12q24.31,HOMDEL,816,0.4%
PITPNM2,12q24.31,HOMDEL,816,0.2%
PSMG3,7p22.3,HOMDEL,816,0.4%
COX20,1q44,AMP,816,14.0%
C1ORF162,1p13.2,HOMDEL,816,0.2%
VCAM1,1p21.2,HOMDEL,816,0.2%
SLC38A9,5q11.2,HOMDEL,816,1.3%
MAN1B1,9q34.3,HOMDEL,816,0.4%
SOX1-OT,13q34,AMP,816,2.5%
CPLANE2,1p36.13,HOMDEL,816,0.6%
TPBG,6q14.1,HOMDEL,816,0.2%
TEX12,11q23.1,HOMDEL,816,1.5%
ZNF865,19q13.42,AMP,816,2.8%
OR2C3,1q44,AMP,816,14.1%
INPP5E,9q34.3,HOMDEL,816,0.5%
SARDH,9q34.2,HOMDEL,816,0.4%
OR2G2,1q44,AMP,816,14.1%
SNORD56B,14q24.2,HOMDEL,816,0.2%
AHRR,5p15.33,AMP,816,2.7%
RNY4P2,17q21.31,HOMDEL,816,0.4%
IRF2,4q35.1,HOMDEL,816,2.0%
ERBB2,17q12,AMP,816,12.9%
IRF2BPL,14q24.3,HOMDEL,816,0.1%
TBX18,6q14.3,HOMDEL,816,0.4%
PDCD6,5p15.33,AMP,816,2.7%
ATXN7L2,1p13.3,HOMDEL,816,0.2%
CPNE7,16q24.3,HOMDEL,816,2.2%
PPM1J,1p13.2,HOMDEL,816,0.4%
NDOR1,9q34.3,HOMDEL,816,0.4%
GALNT16,14q24.1,HOMDEL,816,0.2%
SYT5,19q13.42,AMP,816,2.6%
MBD3,19p13.3,HOMDEL,816,1.1%
HUS1B,6p25.3,HOMDEL,816,1.5%
RAB15,14q23.3,HOMDEL,816,0.1%
TGFB3,14q24.3,HOMDEL,816,0.1%
SOST,17q21.31,HOMDEL,816,0.5%
CHIA,1p13.2,HOMDEL,816,0.2%
FNTB,14q23.3,HOMDEL,816,0.1%
MYLK4,6p25.2,HOMDEL,816,1.1%
FALEC,1q21.2,AMP,816,14.8%
INTS1,7p22.3,HOMDEL,816,0.4%
KIF18B,17q21.31,HOMDEL,816,0.6%
C1QL1,17q21.31,HOMDEL,816,0.6%
RFLNA,12q24.31,HOMDEL,816,0.5%
BACH2,6q15,HOMDEL,816,0.2%
CDKN1B,12p13.1,HOMDEL,816,0.7%
HNRNPCL1,1p36.21,HOMDEL,816,0.6%
LINC00290,4q34.3,HOMDEL,816,2.0%
PRDM2,1p36.21,HOMDEL,816,0.5%
LINC00283,13q33.1,AMP,816,2.2%
CERK,22q13.31,HOMDEL,816,0.7%
TUBG1,17q21.31,HOMDEL,816,0.5%
ITGBL1,13q33.1,AMP,816,2.5%
DKK4,8p11.21,AMP,816,9.7%
OR1C1,1q44,AMP,816,14.1%
DBF4B,17q21.31,HOMDEL,816,0.6%
TRPT1,11q13.1,HOMDEL,816,0.1%
OASL,12q24.31,HOMDEL,816,0.1%
KIF26B,1q44,AMP,816,14.3%
TM9SF2,13q32.3,AMP,816,2.8%
FRRS1,1p21.2,HOMDEL,816,0.1%
RNA5SP41,1p36.21,HOMDEL,816,0.5%
CHKB,22q13.33,HOMDEL,816,0.9%
AKT3,1q43-q44,AMP,816,14.1%
ZCCHC3,20p13,HOMDEL,816,0.9%
PTDSS2,11p15.5,HOMDEL,816,0.9%
RNGTT,6q15,HOMDEL,816,0.4%
RNF224,9q34.3,HOMDEL,816,0.4%
ARGLU1,13q33.3,AMP,816,2.1%
ESRRB,14q24.3,HOMDEL,816,0.1%
FAM157C,16q24.3,HOMDEL,816,2.2%
CARD9,9q34.3,HOMDEL,816,0.5%
MIGA2,9q34.11,HOMDEL,816,0.2%
NPRL2,3p21.31,HOMDEL,816,0.7%
AK8,9q34.13,HOMDEL,816,0.1%
CIMAP3,1p13.2,HOMDEL,816,0.2%
FLVCR2,14q24.3,HOMDEL,816,0.4%
PLXNB2,22q13.33,HOMDEL,816,0.9%
ERCC5,13q33.1,AMP,816,2.1%
EXD3,9q34.3,HOMDEL,816,0.4%
ANAPC5,12q24.31,HOMDEL,816,0.1%
TMEM175,4p16.3,HOMDEL,816,0.9%
SLC25A4,4q35.1,HOMDEL,816,1.7%
BRD1,22q13.33,HOMDEL,816,0.9%
PNMT,17q12,AMP,816,12.6%
CDT1,16q24.3,HOMDEL,816,2.0%
ZNF276,16q24.3,HOMDEL,816,2.2%
SRSF5,14q24,HOMDEL,816,0.2%
TMEM160,19q13.32,HOMDEL,816,0.1%
RDX,11q22.3,HOMDEL,816,1.5%
APEH,3p21.31,HOMDEL,816,0.5%
POLB,8p11.21,AMP,816,9.7%
ANKRD20A11P,21q11.2,HOMDEL,816,2.2%
GOLGA6L7,15q13.1,HOMDEL,816,2.3%
MDN1,6q15,HOMDEL,816,0.5%
MPHOSPH9,12q24.31,HOMDEL,816,0.1%
RRAGD,6q15,HOMDEL,816,0.5%
GNAI2,3p21.31,HOMDEL,816,0.7%
CHIAP2,1p13.2,HOMDEL,816,0.2%
SNAPC4,9q34.3,HOMDEL,816,0.5%
ENPP6,4q35.1,HOMDEL,816,1.7%
PLA2G2E,1p36.13,HOMDEL,816,0.5%
GPSM1,9q34.3,HOMDEL,816,0.5%
ZNF141,4p16.3,HOMDEL,816,0.9%
PSEN1,14q24.2,HOMDEL,816,0.4%
GJC1,17q21.31,HOMDEL,816,0.6%
ABCA11P,4p16.3,HOMDEL,816,0.9%
EHD1,11q13.1,HOMDEL,816,0.2%
PROK1,1p13.3,HOMDEL,816,0.4%
RBM15,1p13.3,HOMDEL,816,0.4%
GPR137,11q13.1,HOMDEL,816,0.1%
HERC2,15q13.1,HOMDEL,816,2.3%
LAMTOR5,1p13.3,HOMDEL,816,0.4%
CNTNAP3B,9p11.2,HOMDEL,816,1.0%
UBAC1,9q34.3,HOMDEL,816,0.5%
AFG3L1P,16q24.3,HOMDEL,816,2.2%
SRSF12,6q15,HOMDEL,816,0.5%
FRS2,12q15,AMP,816,4.2%
WNT7B,22q13.31,HOMDEL,816,0.5%
PRR34,22q13.31,HOMDEL,816,0.6%
EIF2B1,12q24.31,HOMDEL,816,0.2%
SLC6A18,5p15.33,AMP,816,2.7%
NGB,14q24.3,HOMDEL,816,0.1%
RASA3,13q34,AMP,816,2.8%
OR11L1,1q44,AMP,816,14.1%
GRIN1,9q34.3,HOMDEL,816,0.4%
SLC26A6,3p21.31,HOMDEL,816,0.5%
BBOF1,14q24.3,HOMDEL,816,0.2%
SLC35A3,1p21.2,HOMDEL,816,0.1%
OR2M7,1q44,AMP,816,14.1%
CHI3L2,1p13.2,HOMDEL,816,0.2%
AMZ1,7p22.3,HOMDEL,816,0.5%
MICOS10,1p36.13,HOMDEL,816,0.5%
OR2T33,1q44,AMP,816,14.1%
CLYBL,13q32.3,AMP,816,3.1%
OR2M2,1q44,AMP,816,14.1%
CCDC88B,11q13.1,HOMDEL,816,0.1%
ZNF595,4p16.3,HOMDEL,816,0.9%
RNA5SP283,9q13,HOMDEL,816,1.0%
SYCE3,22q13.33,HOMDEL,816,0.9%
OR2L3,1q44,AMP,816,14.1%
CGA,6q14.3,HOMDEL,816,0.4%
PMPCA,9q34.3,HOMDEL,816,0.5%
OR2AK2,1q44,AMP,816,14.1%
COX6B2,19q13.42,AMP,816,2.7%
OR2L8,1q44,AMP,816,14.1%
PSME3,17q21.31,HOMDEL,816,0.4%
RPL7A,9q34.2,HOMDEL,816,0.2%
ARHGAP20,11q22.3-q23.1,HOMDEL,816,1.5%
LYPD8,1q44,AMP,816,14.1%
MUL1,1p36.12,HOMDEL,816,0.5%
ZNF329,19q13.43,AMP,816,2.1%
ZNF551,19q13.43,AMP,816,2.5%
AKIRIN2,6q15,HOMDEL,816,0.2%
MAP3K7,6q15,HOMDEL,816,0.2%
HIPK1,1p13.2,HOMDEL,816,0.2%
SPATA42,1p13.3,HOMDEL,816,0.5%
C7ORF50,7p22.3,HOMDEL,816,0.5%
TJP1,15q13.1,HOMDEL,816,2.3%
MEOX1,17q21.31,HOMDEL,816,0.6%
ACTN1,14q24.1,HOMDEL,816,0.4%
MFN1,3q26.33,AMP,816,5.1%
SEMA3F,3p21.31,HOMDEL,816,0.6%
TMEM101,17q21.31,HOMDEL,816,0.5%
CDC14A,1p21.2,HOMDEL,816,0.4%
C1ORF134,1p36.13,HOMDEL,816,0.6%
HIP1R,12q24.31,HOMDEL,816,0.1%
SHISA7,19q13.42,AMP,816,2.7%
NTNG1,1p13.3,HOMDEL,816,0.4%
CDPF1,22q13.31,HOMDEL,816,0.6%
PROX2,14q24.3,HOMDEL,816,0.2%
RABL2B,22q13.33,HOMDEL,816,0.9%
GALP,19q13.43,AMP,816,2.6%
RPL27,17q21.31,HOMDEL,816,0.4%
HEXIM2,17q21.31,HOMDEL,816,0.7%
SMIM8,6q15,HOMDEL,816,0.4%
PNMA1,14q24.3,HOMDEL,816,0.4%
PM20D2,6q15,HOMDEL,816,0.5%
NUMB,14q24.3,HOMDEL,816,0.5%
C1ORF52,1p22.3,HOMDEL,816,0.1%
TAF13,1p13.3,HOMDEL,816,0.2%
GDPD4,11q13.5,AMP,816,7.4%
F11,4q35.2,HOMDEL,816,1.8%
EXO1,1q43,AMP,816,13.7%
ZSCAN5C,19q13.43,AMP,816,2.6%
MOV10,1p13.2,HOMDEL,816,0.4%
SLC25A24,1p13.3,HOMDEL,816,0.2%
ZNF692,1q44,AMP,816,14.1%
NLRP2,19q13.42,AMP,816,2.1%
CASP8AP2,6q15,HOMDEL,816,0.4%
B4GALNT4,11p15.5,HOMDEL,816,0.9%
ZNF416,19q13.43,AMP,816,2.2%
PRAMEF22,1p36.21 alternate reference locus,HOMDEL,816,0.6%
ZNF549,19q13.43,AMP,816,2.2%
FUT8,14q23.3,HOMDEL,816,0.1%
SOX1,13q34,AMP,816,2.5%
CCDC8,19q13.32,HOMDEL,816,0.1%
HRAS,11p15.5,HOMDEL,816,0.9%
TRAIP,3p21.31,HOMDEL,816,0.6%
SBK2,19q13.42,AMP,816,2.8%
PSMA5,1p13.3,HOMDEL,816,0.2%
VSTM2B,19q12,AMP,816,3.7%
EPHA2,1p36.13,HOMDEL,816,0.7%
LSM12,17q21.31,HOMDEL,816,0.5%
DGKQ,4p16.3,HOMDEL,816,0.9%
BSN,3p21.31,HOMDEL,816,0.5%
HS6ST3,13q32.1,AMP,816,2.3%
MST1R,3p21.31,HOMDEL,816,0.6%
FCN1,9q34.3,HOMDEL,816,0.5%
MLC1,22q13.33,HOMDEL,816,0.9%
MCUR1,6p23,AMP,816,2.7%
ZNF667,19q13.43,AMP,816,2.5%
PRAMEF7,1p36.21,HOMDEL,816,0.6%
FNTA,8p11.21,HOMDEL,816,1.3%
PADI4,1p36.13,HOMDEL,816,0.6%
FAM27D1,9p11.2,HOMDEL,816,1.0%
GNB4,3q26.33,AMP,816,5.1%
SCO2,22q13.33,HOMDEL,816,0.9%
MRTO4,1p36.13,HOMDEL,816,0.5%
RDH13,19q13.42,AMP,816,2.7%
PGBP,1p13.2,HOMDEL,816,0.2%
NLRP6,11p15.5,HOMDEL,816,0.9%
GSTM5,1p13.3,HOMDEL,816,0.2%
CYP2W1,7p22.3,HOMDEL,816,0.5%
ZBTB16,11q23.2,HOMDEL,816,1.5%
TMED2,12q24.31,HOMDEL,816,0.2%
CCNE1,19q12,AMP,816,4.2%
RAB20,13q34,AMP,816,2.6%
LINC01558,6q27,HOMDEL,816,1.3%
ELFN1,7p22.3,HOMDEL,816,0.5%
ZNF26,12q24.33,HOMDEL,816,0.5%
SLC22A31,16q24.3,HOMDEL,816,2.0%
BICDL1,12q24.23,HOMDEL,816,0.2%
KCNMB3,3q26.32,AMP,816,5.3%
CDK10,16q24.3,HOMDEL,816,2.2%
RNA5SP375,12q24.31,HOMDEL,816,0.1%
SRRM4,12q24.23,HOMDEL,816,0.1%
BECN1,17q21.31,HOMDEL,816,0.4%
SLC16A4,1p13.3,HOMDEL,816,0.4%
PLCD3,17q21.31,HOMDEL,816,0.7%
GOLGA8M,15q13.1,HOMDEL,816,2.3%
POMT2,14q24.3,HOMDEL,816,0.1%
ACTBL2,5q11.2,HOMDEL,816,1.1%
NBPF4,1p13.3,HOMDEL,816,0.2%
MTRFR,12q24.31,HOMDEL,816,0.1%
DIABLO,12q24.31,HOMDEL,816,0.2%
RNF113B,13q32.2,AMP,816,2.6%
AACS,12q24.31,HOMDEL,816,0.2%
MAPK8IP2,22q13.33,HOMDEL,816,0.9%
EIF2B2,14q24.3,HOMDEL,816,0.2%
ZNF543,19q13.43,AMP,816,2.2%
MEN1,11q13,HOMDEL,816,0.4%
PRAMEF17,1p36.21,HOMDEL,816,0.6%
LAMP1,13q34,AMP,816,2.7%
IL17REL,22q13.33,HOMDEL,816,0.9%
LINC00507,12q24.32,HOMDEL,816,0.4%
DAOA,13q33.2,AMP,816,2.1%
TTLL8,22q13.33,HOMDEL,816,0.9%
TUBB2B,6p25.2,HOMDEL,816,1.0%
STOX2,4q35.1,HOMDEL,816,1.7%
AGL,1p21.2,HOMDEL,816,0.1%
RPS27P25,12q24.31,HOMDEL,816,0.2%
SUDS3,12q24.23,HOMDEL,816,0.1%
TMEM190,19q13.42,AMP,816,2.7%
SORT1,1p13.3,HOMDEL,816,0.2%
SDHD,11q23.1,HOMDEL,816,1.6%
GFOD1,6p24.1-p23,AMP,816,2.9%
MON1A,3p21.31,HOMDEL,816,0.6%
SPATA19,11q25,HOMDEL,816,1.8%
RNA5SP378,12q24.33,HOMDEL,816,0.7%
ATP5ME,4p16.3,HOMDEL,816,0.9%
TMEM86B,19q13.42,AMP,816,2.8%
PRKAB1,12q24.23,HOMDEL,816,0.2%
KLHDC7B,22q13.33,HOMDEL,816,0.9%
SPTLC2,14q24.3,HOMDEL,816,0.1%
DUX4L2,4q35.2,HOMDEL,816,2.1%
KCND3,1p13.2,HOMDEL,816,0.5%
TAS1R2,1p36.13,HOMDEL,816,0.5%
DBT,1p21.2,HOMDEL,816,0.1%
P2RX2,12q24.33,HOMDEL,816,0.5%
AKR7L,1p36.13,HOMDEL,816,0.5%
AMPD2,1p13.3,HOMDEL,816,0.2%
SDCCAG8,1q43-q44,AMP,816,14.1%
DOLPP1,9q34.11,HOMDEL,816,0.2%
SLC4A1,17q21.31,HOMDEL,816,0.6%
RN7SL5P,9p23,HOMDEL,816,1.1%
AQP11,11q14.1,AMP,816,7.8%
CENPBD1P,16q24.3,HOMDEL,816,2.2%
LINC00898,22q13.31,HOMDEL,816,0.7%
CELA2B,1p36.21,HOMDEL,816,0.6%
CPLX1,4p16.3,HOMDEL,816,0.9%
IL17C,16q24.2,HOMDEL,816,2.0%
COL24A1,1p22.3,HOMDEL,816,0.1%
SLC8A3,14q24.2,HOMDEL,816,0.2%
PLEKHM2,1p36.21,HOMDEL,816,0.7%
BET1L,11p15.5,HOMDEL,816,0.9%
PIERCE1,9q34.3,HOMDEL,816,0.5%
SLC25A24P1,1p13.3,HOMDEL,816,0.2%
RNA5SP284,9q13,HOMDEL,816,1.0%
VN1R1,19q13.4,AMP,816,2.1%
ZSCAN5DP,19q13.43,AMP,816,2.6%
SCCPDH,1q44,AMP,816,14.2%
SLC25A20,3p21.31,HOMDEL,816,0.5%
GSTM3,1p13.3,HOMDEL,816,0.2%
JAM3,11q25,HOMDEL,816,2.0%
CFAP107,1p36.21,HOMDEL,816,0.6%
PSMD13,11p15.5,HOMDEL,816,0.9%
PRKD2,19q13.32,HOMDEL,816,0.1%
ACTL8,1p36.13,HOMDEL,816,0.7%
DENND6B,22q13.33,HOMDEL,816,0.9%
CFAP77,9q34.13,HOMDEL,816,0.1%
CYSRT1,9q34.3,HOMDEL,816,0.4%
CEP162,6q14.2-q14.3,HOMDEL,816,0.4%
ERLIN2,8p11.23,AMP,816,13.4%
PINK1,1p36.12,HOMDEL,816,0.5%
LPAR3,1p22.3,HOMDEL,816,0.1%
DPP7,9q34.3,HOMDEL,816,0.4%
SOX21,13q32.1,AMP,816,2.1%
ARL2,11q13.1,HOMDEL,816,0.2%
CTSS,1q21.3,AMP,816,15.2%
EIF2S1,14q23.3,HOMDEL,816,0.1%
SOX12,20p13,HOMDEL,816,0.9%
SDHB,1p36.13,HOMDEL,816,0.6%
DUSP3,17q21.31,HOMDEL,816,0.5%
MST1,3p21.31,HOMDEL,816,0.5%
MANEA,6q16.1,HOMDEL,816,0.2%
NCOR2,12q24.31,HOMDEL,816,0.7%
AKR7A3,1p36.13,HOMDEL,816,0.5%
SEL1L,14q31,HOMDEL,816,0.1%
ADAP1,7p22.3,HOMDEL,816,0.5%
DAG1,3p21.31,HOMDEL,816,0.5%
ZMIZ1,10q22.3,AMP,816,2.6%
PRAMEF8,1p36.21,HOMDEL,816,0.6%
EPS8L3,1p13.3,HOMDEL,816,0.2%
COASY,17q21.2,HOMDEL,816,0.5%
RNA5SP51,1p22.3,HOMDEL,816,0.1%
WDR77,1p13.2,HOMDEL,816,0.2%
GSTM4,1p13.3,HOMDEL,816,0.2%
VPS25,17q21.31,HOMDEL,816,0.4%
LRRC38,1p36.21,HOMDEL,816,0.5%
PYGM,11q13.1,HOMDEL,816,0.2%
GOLGA3,12q24.33,HOMDEL,816,0.5%
ZNF814,19q13.43,AMP,816,2.3%
CARD11,7p22.2,HOMDEL,816,0.4%
PLA2G5,1p36.13,HOMDEL,816,0.5%
DYNLL1,12q24.31,HOMDEL,816,0.1%
PPP1R1B,17q12,AMP,816,12.5%
RNA5SP374,12q24.23,HOMDEL,816,0.1%
ZIM3,19q13.43,AMP,816,2.2%
TTC8,14q31.3,HOMDEL,816,0.1%
SFTPA1,10q22.3,AMP,816,2.7%
FAM201A,9p13.1,HOMDEL,816,0.5%
PGF,14q24.3,HOMDEL,816,0.2%
PRRC2B,9q34.13,HOMDEL,816,0.2%
C11ORF52,11q23.1,HOMDEL,816,1.6%
ANKRD20A1,9q21.11,HOMDEL,816,1.0%
SPPL3,12q24.31,HOMDEL,816,0.5%
POMT1,9q34.13,HOMDEL,816,0.2%
URAHP,16q24.3,HOMDEL,816,2.2%
ARHGAP35,19q13.32,HOMDEL,816,0.1%
TMEM51,1p36.21,HOMDEL,816,0.7%
HYAL2,3p21.31,HOMDEL,816,0.7%
PEX5L,3q26.33,AMP,816,5.0%
IGSF21,1p36.13,HOMDEL,816,0.9%
KMT5C,19q13.42,AMP,816,2.7%
KCNA3,1p13.3,HOMDEL,816,0.2%
LAYN,11q23.1,HOMDEL,816,1.7%
MFSD14A,1p21.2,HOMDEL,816,0.1%
QSER1,11p13,AMP,816,3.3%
RWDD4,4q35.1,HOMDEL,816,1.7%
DEPDC7,11p13,AMP,816,3.2%
TMCO4,1p36.13,HOMDEL,816,0.5%
DNAH10,12q24.31,HOMDEL,816,0.2%
DEFB129,20p13,HOMDEL,816,0.9%
PALMD,1p21.2,HOMDEL,816,0.1%
IP6K1,3p21.31,HOMDEL,816,0.6%
TMEM63C,14q24.3,HOMDEL,816,0.1%
MMP17,12q24.33,HOMDEL,816,0.7%
AARSD1,17q21.31,HOMDEL,816,0.4%
RNA5SP349,11q22.3,HOMDEL,816,1.5%
SFTPD,10q22.3,AMP,816,2.7%
BRAT1,7p22.3,HOMDEL,816,0.5%
ONECUT3,19p13.3,HOMDEL,816,1.0%
USP28,11q23.2,HOMDEL,816,1.5%
PDGFA,7p22.3,HOMDEL,816,0.6%
FDXACB1,11q23.1,HOMDEL,816,1.6%
GOLGA8G,15q13.1,HOMDEL,816,2.3%
SNORD3P3,14q31.3,HOMDEL,816,0.1%
PHACTR1,6p24.1,AMP,816,3.1%
HEMK1,3p21.31,HOMDEL,816,0.6%
ESPNP,1p36.13,HOMDEL,816,0.6%
RDH12,14q24.1,HOMDEL,816,0.2%
ZC2HC1C,14q24.3,HOMDEL,816,0.2%
ANKRD20A2P,9p11.2,HOMDEL,816,1.0%
USP4,3p21.31,HOMDEL,816,0.5%
EFHD2,1p36.21,HOMDEL,816,0.6%
AMY1A,1p21.1,HOMDEL,816,0.2%
PIGG,4p16.3,HOMDEL,816,0.9%
ZDHHC11,5p15.33,AMP,816,2.7%
MIR137HG,1p21.3,HOMDEL,816,0.1%
CCDC43,17q21.31,HOMDEL,816,0.6%
PROZ,13q34,AMP,816,2.7%
AFDN,6q27,HOMDEL,816,1.3%
TIGD3,11q13.1,HOMDEL,816,0.2%
ALG12,22q13.33,HOMDEL,816,0.9%
FAM138D,12p13.33,AMP,816,4.2%
NBR1,17q21.31,HOMDEL,816,0.6%
TCTA,3p21.31,HOMDEL,816,0.5%
EZH1,17q21.2,HOMDEL,816,0.5%
C11ORF91,11p13,AMP,816,3.1%
AMT,3p21.31,HOMDEL,816,0.5%
PLPPR4,1p21.3-p21.2,HOMDEL,816,0.1%
DNAJC16,1p36.21,HOMDEL,816,0.7%
ZNF581,19q13.42,AMP,816,2.8%
RPL22P19,12q24.31,HOMDEL,816,0.2%
NUTM2B,10q22.3,AMP,816,2.7%
TMEM255B,13q34,AMP,816,2.7%
PTPA,9q34.11,HOMDEL,816,0.2%
TTLL2,6q27,HOMDEL,816,1.3%
FAM74A1,9p12,HOMDEL,816,1.0%
NOXA1,9q34.3,HOMDEL,816,0.4%
TENM3,4q34.3-q35.1,HOMDEL,816,2.2%
LINC00942,12p13.33,AMP,816,3.8%
NLRP13,19q13.43,AMP,816,2.8%
SNORD24,9q34.2,HOMDEL,816,0.2%
NCAM1,11q23.2,HOMDEL,816,1.5%
PGBD2,1q44,AMP,816,14.1%
RIOX1,14q24.3,HOMDEL,816,0.4%
ZNF787,19q13.43,AMP,816,2.8%
TNFSF13B,13q33.3,AMP,816,2.5%
FBLIM1,1p36.21,HOMDEL,816,0.7%
AP4B1,1p13.2,HOMDEL,816,0.2%
NLRP5,19q13.43,AMP,816,2.8%
NLRP8,19q13.43,AMP,816,2.8%
MRPL36,5p15.33,AMP,816,2.3%
AMY1B,1p21.1,HOMDEL,816,0.2%
CLCNKA,1p36.13,HOMDEL,816,0.7%
AAMDC,11q14.1,AMP,816,8.3%
RARS2,6q15,HOMDEL,816,0.4%
PGM5P2,9p11.2,HOMDEL,816,1.0%
PNRC1,6q15,HOMDEL,816,0.4%
RNA5SP379,12q24.33,HOMDEL,816,0.5%
RILPL2,12q24.31,HOMDEL,816,0.2%
CRYAB,11q23.1,HOMDEL,816,1.6%
CROCCP3,1p36.13,HOMDEL,816,0.6%
RPL13,16q24.3,HOMDEL,816,2.2%
ZNF669,1q44,AMP,816,14.3%
MRPL49,11q13.1,HOMDEL,816,0.2%
DIXDC1,11q23.1,HOMDEL,816,1.6%
LYZ,12q15,AMP,816,4.2%
AKR7A2,1p36.13,HOMDEL,816,0.5%
TYMP,22q13.33,HOMDEL,816,0.9%
DDOST,1p36.12,HOMDEL,816,0.5%
PALS1,14q23.3,HOMDEL,816,0.2%
PTPRD,9p24.1-p23,HOMDEL,816,2.7%
INKA1,3p21.31,HOMDEL,816,0.6%
IFRD2,3p21.31,HOMDEL,816,0.7%
G6PC1,17q21.31,HOMDEL,816,0.4%
ZNF583,19q13.43,AMP,816,2.3%
VDAC3,8p11.21,AMP,816,9.7%
ZNF582,19q13.43,AMP,816,2.3%
ZNF542P,19q13.43,AMP,816,2.5%
CAVIN1,17q21.2,HOMDEL,816,0.5%
NLRP4,19q13.43,AMP,816,2.7%
SPATA2L,16q24.3,HOMDEL,816,2.2%
SERPINB9,6p25.2,HOMDEL,816,1.0%
QRICH1,3p21.31,HOMDEL,816,0.5%
RWDD2A,6q14.1,HOMDEL,816,0.4%
FAM74A4,9q12,HOMDEL,816,1.0%
ZNF124,1q44,AMP,816,14.2%
KCNA2,1p13.3,HOMDEL,816,0.2%
ADIPOR2,12p13.33,AMP,816,3.8%
LINC00354,13q34,AMP,816,2.5%
AMY1C,1p21.1,HOMDEL,816,0.2%
SPACA1,6q15,HOMDEL,816,0.2%
SLC66A1,1p36.13,HOMDEL,816,0.5%
PCNX1,14q24.2,HOMDEL,816,0.4%
IGFL1,19q13.32,HOMDEL,816,0.1%
RXRA,9q34.2,HOMDEL,816,0.4%
FAM163B,9q34.2,HOMDEL,816,0.4%
CEP164,11q23.3,HOMDEL,816,1.2%
GOLGA8R,15q13.2,HOMDEL,816,2.3%
SNAP91,6q14.2,HOMDEL,816,0.2%
ZNHIT2,11q13.1,HOMDEL,816,0.2%
EPN1,19q13.42,AMP,816,2.9%
SH3BP5L,1q44,AMP,816,14.1%
CSF1,1p13.3,HOMDEL,816,0.2%
ARHGEF7,13q34,AMP,816,2.3%
CIPC,14q24.3,HOMDEL,816,0.1%
RNA5SP488,21q11.2,HOMDEL,816,1.8%
SCGB1C1,11p15.5,HOMDEL,816,0.9%
CYMP,1p13.3,HOMDEL,816,0.4%
TMUB2,17q21.31,HOMDEL,816,0.5%
MAPKAPK3,3p21.2,HOMDEL,816,0.6%
DHX37,12q24.31,HOMDEL,816,0.2%
GNAT1,3p21.31,HOMDEL,816,0.6%
FAM27E2,9p11.2,HOMDEL,816,1.0%
ULK4P2,15q13.2,HOMDEL,816,2.3%
BAGE2,21p11.2,HOMDEL,816,2.2%
FZD2,17q21.31,HOMDEL,816,0.6%
LINC00508,12q24.32,HOMDEL,816,0.4%
STON2,14q31.1,HOMDEL,816,0.1%
TRIB3,20p13,HOMDEL,816,0.9%
RNU6ATAC5P,4q13.3,AMP,816,2.0%
DPEP1,16q24.3,HOMDEL,816,2.2%
SFTPA2,10q22.3,AMP,816,2.7%
RSF1,11q14.1,AMP,816,8.0%
LINC01590,6q15-q16.1,HOMDEL,816,0.4%
DCUN1D2,13q34,AMP,816,2.6%
OR6F1,1q44,AMP,816,14.1%
ZFP28,19q13.43,AMP,816,2.3%
IFITM2,11p15.5,HOMDEL,816,0.9%
IER5L,9q34.11,HOMDEL,816,0.2%
AMY2A,1p21.1,HOMDEL,816,0.2%
KLLN,10q23,HOMDEL,816,3.7%
ISCA2,14q24.3,HOMDEL,816,0.2%
CDC16,13q34,AMP,816,2.3%
OR2T3,1q44,AMP,816,14.1%
OR2T8,1q44,AMP,816,14.1%
LPCAT1,5p15.33,AMP,816,2.3%
OR2W3,1q44,AMP,816,14.1%
LIG4,13q33.3,AMP,816,2.5%
OR14K1,1q44,AMP,816,14.1%
EFNA5,5q21.3,HOMDEL,816,1.8%
FOXD4L6,9p11.2,HOMDEL,816,1.0%
FKBP2,11q13.1,HOMDEL,816,0.1%
VPS33A,12q24.31,HOMDEL,816,0.2%
GJA10,6q15,HOMDEL,816,0.4%
FOXD4L3,9q21.11,HOMDEL,816,1.0%
MAP3K14,17q21.31,HOMDEL,816,0.7%
RBCK1,20p13,HOMDEL,816,0.9%
GRN,17q21.31,HOMDEL,816,0.6%
CCDC77,12p13.33,AMP,816,4.2%
ABCA2,9q34.3,HOMDEL,816,0.4%
ANKRD11,16q24.3,HOMDEL,816,2.2%
ADM2,22q13.33,HOMDEL,816,0.9%
FBRSL1,12q24.33,HOMDEL,816,0.6%
TPRN,9q34.3,HOMDEL,816,0.4%
PIM3,22q13.33,HOMDEL,816,0.9%
TTC12,11q23.2,HOMDEL,816,1.5%
TMEM203,9q34.3,HOMDEL,816,0.4%
IMPDH2,3p21.31,HOMDEL,816,0.5%
ZNF135,19q13.43,AMP,816,2.2%
ZNF134,19q13.43,AMP,816,2.3%
ZNF672,1q44,AMP,816,14.1%
CBFA2T3,16q24.3,HOMDEL,816,2.0%
SIPA1,11q13.1,HOMDEL,816,0.2%
GOLPH3L,1q21.3,AMP,816,15.3%
FOSL1,11q13.1,HOMDEL,816,0.2%
CCDC106,19q13.42,AMP,816,2.8%
ACSF3,16q24.3,HOMDEL,816,2.0%
SEMA3B,3p21.31,HOMDEL,816,0.7%
MLXIP,12q21.31,HOMDEL,816,0.2%
IGSF9B,11q25,HOMDEL,816,1.8%
PIK3CA,3q26.32,AMP,816,5.4%
RSRC2,12q24.31,HOMDEL,816,0.1%
POLE,12q24.33,HOMDEL,816,0.5%
PPP6R1,19q13.42,AMP,816,2.8%
ZNF671,19q13.43,AMP,816,2.3%
DZIP1,13q32.1,AMP,816,2.1%
RNF208,9q34.3,HOMDEL,816,0.4%
SNORD3A,17p11.2,AMP,816,1.7%
MSI1,12q24.31,HOMDEL,816,0.2%
PPP1R14B,11q13.1,HOMDEL,816,0.1%
NMT1,17q21.31,HOMDEL,816,0.7%
ANKRD37,4q35.1,HOMDEL,816,1.7%
IFT43,14q24.3,HOMDEL,816,0.2%
B3GAT1,11q25,HOMDEL,816,2.0%
KMT2C,7q36.1,HOMDEL,816,1.1%
PKDREJ,22q13.31,HOMDEL,816,0.6%
ALB,4q13.3,AMP,816,2.3%
TRMT112,11q13.1,HOMDEL,816,0.1%
GNAI3,1p13.3,HOMDEL,816,0.2%
GAB2,11q14.1,AMP,816,7.4%
FAM27C,9q13,HOMDEL,816,1.0%
STKLD1,9q34.2,HOMDEL,816,0.2%
OR2B11,1q44,AMP,816,14.1%
ZNF605,12q24.33,HOMDEL,816,0.5%
MEX3D,19p13.3,HOMDEL,816,1.1%
HTR6,1p36.13,HOMDEL,816,0.5%
TMEM82,1p36.21,HOMDEL,816,0.7%
HPD,12q24.31,HOMDEL,816,0.2%
TEX29,13q34,AMP,816,2.3%
PLEK2,14q23.3-q24.1,HOMDEL,816,0.1%
TMPRSS5,11q23.2,HOMDEL,816,1.5%
CLIC3,9q34.3,HOMDEL,816,0.4%
NEAT1,11q13.1,HOMDEL,816,0.2%
HSPB8,12q24.23,HOMDEL,816,0.1%
ZNF835,19q13.43,AMP,816,2.3%
CNST,1q44,AMP,816,14.2%
NQO2,6p25.2,HOMDEL,816,1.0%
POTEA,8p11.1,HOMDEL,816,1.3%
MIMT1,19q13.43,AMP,816,2.2%
PTGES,9q34.11,HOMDEL,816,0.4%
NBL1,1p36.13,HOMDEL,816,0.5%
MYMK,9q34.2,HOMDEL,816,0.4%
ARHGEF19,1p36.13,HOMDEL,816,0.7%
NNMT,11q23.2,HOMDEL,816,1.5%
CIBAR1P2,4q35.1,HOMDEL,816,2.1%
SNX7,1p21.3,HOMDEL,816,0.1%
LINC00304,16q24.3,HOMDEL,816,2.0%
BCL2L15,1p13.2,HOMDEL,816,0.2%
ALG9,11q23.1,HOMDEL,816,1.6%
SBK3,19q13.42,AMP,816,2.8%
OGFOD2,12q24.31,HOMDEL,816,0.2%
AREL1,14q24.3,HOMDEL,816,0.2%
CEP170,1q43,AMP,816,14.1%
PRDM12,9q34.12,HOMDEL,816,0.2%
DDX4,5q11.2,HOMDEL,816,1.3%
SLC25A34,1p36.21,HOMDEL,816,0.7%
TTLL5,14q24.3,HOMDEL,816,0.2%
PAK1,11q13.5-q14.1,AMP,816,7.8%
COX6A1,12q24.31,HOMDEL,816,0.1%
ACR,22q13.33,HOMDEL,816,0.9%
CSNK2A1,20p13,HOMDEL,816,0.9%
EPHA7,6q16.1,HOMDEL,816,0.5%
ZNF778,16q24.3,HOMDEL,816,2.0%
SLC25A45,11q13.1,HOMDEL,816,0.2%
GPHN,14q23.3,HOMDEL,816,0.4%
ATP4B,13q34,AMP,816,2.6%
ALX3,1p13.3,HOMDEL,816,0.2%
DPF3,14q24.2,HOMDEL,816,0.2%
OR2T29,1q44,AMP,816,14.1%
CNTNAP1,17q21.2,HOMDEL,816,0.5%
BIVM,13q33.1,AMP,816,2.2%
RHOF,12q24.31,HOMDEL,816,0.2%
LCNL1,9q34.3,HOMDEL,816,0.4%
CISH,3p21.2,HOMDEL,816,0.6%
SIRT4,12q24.31,HOMDEL,816,0.2%
LINC00943,12q24.32,HOMDEL,816,0.4%
NECAP2,1p36.13,HOMDEL,816,0.6%
RPS6KA4,11q13.1,HOMDEL,816,0.1%
POLA2,11q13.1,HOMDEL,816,0.2%
LCN10,9q34.3,HOMDEL,816,0.4%
NSF,17q21.31,HOMDEL,816,0.5%
CRHR1,17q21.31,HOMDEL,816,0.5%
SORBS2,4q35.1,HOMDEL,816,1.8%
CCDC174,3p25.1,AMP,816,2.1%
LRIF1,1p13.3,HOMDEL,816,0.2%
SNORD118,17p13.1,HOMDEL,816,0.7%
ZFYVE26,14q24.1,HOMDEL,816,0.4%
EHBP1L1,11q13.1,HOMDEL,816,0.2%
RGS7,1q43,AMP,816,13.7%
EXD2,14q24.1,HOMDEL,816,0.4%
CPM,12q15,AMP,816,3.8%
CYB561D1,1p13.3,HOMDEL,816,0.2%
LINC00911,14q31.3,HOMDEL,816,0.1%
SCARNA2,1q13.1,HOMDEL,816,0.2%
FOS,14q24.3,HOMDEL,816,0.2%
OR2AJ1,1q44,AMP,816,14.1%
SHANK3,22q13.33,HOMDEL,816,0.9%
TMEM210,9q34.3,HOMDEL,816,0.4%
FRMD8,11q13.1,HOMDEL,816,0.2%
SPEN,1p36.21-p36.13,HOMDEL,816,0.7%
ABCA4,1p22.1,HOMDEL,816,0.1%
POP5,12q24.31,HOMDEL,816,0.1%
SIGIRR,11p15.5,HOMDEL,816,0.9%
DUXA,19q13.43,AMP,816,2.2%
ZNF304,19q13.43,AMP,816,2.0%
RNU6ATAC2P,5q11.2,HOMDEL,816,1.5%
IRS2,13q34,AMP,816,2.8%
SURF6,9q34.2,HOMDEL,816,0.2%
ARRDC1,9q34.3,HOMDEL,816,0.6%
ADAM21,14q24.2,HOMDEL,816,0.4%
OTUD3,1p36.13,HOMDEL,816,0.5%
PLA2G2F,1p36.12,HOMDEL,816,0.5%
SLC30A7,1p21.2,HOMDEL,816,0.2%
DNAJC4,11q13.1,HOMDEL,816,0.1%
GPR88,1p21.2,HOMDEL,816,0.2%
TBC1D22A,22q13.31,HOMDEL,816,0.9%
FNDC7,1p13.3,HOMDEL,816,0.2%
EDF1,9q34.3,HOMDEL,816,0.4%
BARHL1,9q34.13,HOMDEL,816,0.1%
CHML,1q43,AMP,816,13.8%
PPP2R1B,11q23.1,HOMDEL,816,1.6%
TPTE,21p11.2,HOMDEL,816,2.2%
LINC02908,9q34.3,HOMDEL,816,0.4%
MRAP2,6q14.2,HOMDEL,816,0.4%
NBPF1,1p36.13,HOMDEL,816,0.6%
WRNIP1,6p25.2,HOMDEL,816,1.1%
FLRT2,14q31.3,HOMDEL,816,0.1%
PGGHG,11p15.5,HOMDEL,816,0.9%
GRK1,13q34,AMP,816,2.7%
TMEM115,3p21.31,HOMDEL,816,0.7%
NUTM2E,10q22.3,AMP,816,2.7%
NDUFB5,3q26.33,AMP,816,4.9%
PRAMEF4,1p36.21,HOMDEL,816,0.6%
FAM161B,14q24.3,HOMDEL,816,0.2%
HSPB7,1p36.13,HOMDEL,816,0.7%
RNY1P2,13q33.1,AMP,816,2.3%
ABL1,9q34.12,HOMDEL,816,0.2%
NDUFC2,11q14.1,AMP,816,7.8%
TMED10,14q24.3,HOMDEL,816,0.2%
RNU6ATAC,9q34.2,HOMDEL,816,0.2%
SIDT2,11q23.3,HOMDEL,816,1.2%
MED22,9q34.2,HOMDEL,816,0.2%
STRN4,19q13.32,HOMDEL,816,0.1%
RAP2A,13q32.1,AMP,816,2.6%
ADAM20,14q24.2,HOMDEL,816,0.4%
ARL4D,17q21.31,HOMDEL,816,0.5%
GPATCH8,17q21.31,HOMDEL,816,0.6%
BACE1,11q23.3,HOMDEL,816,1.2%
UQCR11,19p13.3,HOMDEL,816,1.1%
RNA5SP201,6p25.2,HOMDEL,816,1.0%
STK24,13q32.2,AMP,816,2.8%
CCDC110,4q35.1,HOMDEL,816,1.7%
RNU6V,1p13,HOMDEL,816,0.2%
FHL5,6q16.1,HOMDEL,816,0.4%
IRX1,5p15.33,AMP,816,2.5%
AHCTF1,1q44,AMP,816,14.3%
APRT,16q24.3,HOMDEL,816,2.0%
PABPN1L,16q24.3,HOMDEL,816,2.0%
PPIF,10q22.3,AMP,816,2.6%
SNORA59A,1p36.21,HOMDEL,816,0.5%
SNW1,14q24.3,HOMDEL,816,0.1%
PRAMEF9,1p36.21,HOMDEL,816,0.6%
GPHA2,11q13.1,HOMDEL,816,0.2%
SURF4,9q34.2,HOMDEL,816,0.2%
KDM5A,12p13.33,AMP,816,4.2%
SERPINB6,6p25.2,HOMDEL,816,1.0%
NEK9,14q24.3,HOMDEL,816,0.2%
EEIG2,1p13.3,HOMDEL,816,0.2%
AMIGO3,3p21.31,HOMDEL,816,0.6%
RNF10,12q24.31,HOMDEL,816,0.1%
PTGR2,14q24.3,HOMDEL,816,0.4%
FAM50B,6p25.2,HOMDEL,816,1.0%
DNAL1,14q24.3,HOMDEL,816,0.4%
CASP9,1p36.21,HOMDEL,816,0.6%
ZNG1E,9q21.11,HOMDEL,816,1.0%
NDUFS6,5p15.33,AMP,816,2.3%
ANKS1B,12q23.1,HOMDEL,816,1.0%
NLRP11,19q13.43,AMP,816,2.8%
ATG2A,11q13.1,HOMDEL,816,0.2%
HEXIM1,17q21.31,HOMDEL,816,0.7%
CELA2A,1p36.21,HOMDEL,816,0.6%
RNA5SP202,6p25.1,HOMDEL,816,0.7%
NAALADL1,11q13.1,HOMDEL,816,0.2%
SAMD15,14q24.3,HOMDEL,816,0.1%
PTPN21,14q31.3,HOMDEL,816,0.1%
WDR47,1p13.3,HOMDEL,816,0.4%
PRAMEF10,1p36.21,HOMDEL,816,0.6%
RNA5SP147,3q26.32,AMP,816,4.7%
SPIRE2,16q24.3,HOMDEL,816,2.2%
DEFB128,20p13,HOMDEL,816,0.9%
POTED,21q11.2,HOMDEL,816,2.2%
INKA2,1p13.2,HOMDEL,816,0.2%
HCAR3,12q24.31,HOMDEL,816,0.1%
RNA5SP148,3q26.32,AMP,816,4.9%
RNY4P6,11q23.3,HOMDEL,816,1.2%
SURF2,9q34.2,HOMDEL,816,0.2%
SNX8,7p22.3,HOMDEL,816,0.6%
CROCC,1p36.13,HOMDEL,816,0.6%
DEFB125,20p13,HOMDEL,816,0.9%
BRD3,9q34.2,HOMDEL,816,0.4%
ZNF628,19q13.42,AMP,816,2.7%
ADAM21P1,14q24.2,HOMDEL,816,0.4%
SYPL2,1p13.3,HOMDEL,816,0.2%
PCCA,13q32.3,AMP,816,2.9%
IFI35,17q21.31,HOMDEL,816,0.4%
ZNF292,6q14.3,HOMDEL,816,0.5%
LINC00391,13q32.1,AMP,816,2.1%
GPR19,12p13.1,HOMDEL,816,0.7%
AIF1L,9q34.12-q34.13,HOMDEL,816,0.2%
ZNF471,19q13.43,AMP,816,2.5%
CYP4V2,4q35.1-q35.2,HOMDEL,816,1.7%
CD53,1p13.3,HOMDEL,816,0.2%
MAD1L1,7p22.3,HOMDEL,816,0.9%
TMEM254,10q22.3,AMP,816,2.7%
NTNG2,9q34.13,HOMDEL,816,0.2%
HTR3A,11q23.2,HOMDEL,816,1.5%
OR2L2,1q44,AMP,816,14.1%
BCL7A,12q24.31,HOMDEL,816,0.2%
OR2M4,1q44,AMP,816,14.1%
ZW10,11q23.2,HOMDEL,816,1.5%
CEL,9q34.13,HOMDEL,816,0.2%
PSRC1,1p13.3,HOMDEL,816,0.2%
SYNJ2BP,14q24.2,HOMDEL,816,0.4%
ANAPC2,9q34.3,HOMDEL,816,0.4%
CDKN2B,9p21.3,HOMDEL,816,3.3%
ZC3H14,14q31.3,HOMDEL,816,0.1%
HENMT1,1p13.3,HOMDEL,816,0.2%
IKBKB,8p11.21,AMP,816,9.9%
LINC00963,9q34.11,HOMDEL,816,0.4%
SNHG5,6q14.3,HOMDEL,816,0.4%
FAM215A,17q21.31,HOMDEL,816,0.5%
ADAMTS13,9q34.2,HOMDEL,816,0.4%
LMF2,22q13.33,HOMDEL,816,0.9%
MST1L,1p36.13,HOMDEL,816,0.6%
ANO7L1,1p36.13,HOMDEL,816,0.6%
EXTL2,1p21.2,HOMDEL,816,0.2%
ABO,9q34.2,HOMDEL,816,0.2%
TMEM132D,12q24.33,HOMDEL,816,0.5%
SLC39A9,14q24.1,HOMDEL,816,0.2%
SURF1,9q34.2,HOMDEL,816,0.2%
NXPE1,11q23.2,HOMDEL,816,1.5%
P2RX7,12q24.31,HOMDEL,816,0.1%
FAM157B,9q34.3,HOMDEL,816,0.7%
GP6,19q13.42,AMP,816,2.3%
SPATA33,16q24.3,HOMDEL,816,2.2%
RELA,11q13.1,HOMDEL,816,0.2%
UBE2J1,6q15,HOMDEL,816,0.5%
ZNF586,19q13.43,AMP,816,2.6%
PTGDS,9q34.3,HOMDEL,816,0.4%
LINC00910,17q21.31,HOMDEL,816,0.5%
C20ORF96,20p13,HOMDEL,816,0.9%
UNC119B,12q24.31,HOMDEL,816,0.1%
ANKRD6,6q15,HOMDEL,816,0.6%
NALCN,13q32.3-q33.1,AMP,816,2.3%
AP2S1,19q13.32,HOMDEL,816,0.1%
TCP10L3,6q27,HOMDEL,816,1.3%
ZNF876P,4p16.3,HOMDEL,816,0.9%
P2RX4,12q24.31,HOMDEL,816,0.1%
PLAC9,10q22.3,AMP,816,2.7%
CCDC183,9q34.3,HOMDEL,816,0.4%
USP35,11q14.1,AMP,816,7.5%
ARHGAP11B,15q13.2,HOMDEL,816,2.3%
SPACA9,9q34.13,HOMDEL,816,0.1%
UCK1,9q34.13,HOMDEL,816,0.2%
LINC00567,13q34,AMP,816,2.5%
FDX1,11q22.3,HOMDEL,816,1.5%
UFL1,6q16.1,HOMDEL,816,0.4%
COA3,17q21.2,HOMDEL,816,0.4%
ARGLU1-DT,13q33.3,AMP,816,2.1%
KLHDC8B,3p21.31,HOMDEL,816,0.5%
CHAMP1,13q34,AMP,816,2.3%
CUL4A,13q34,AMP,816,2.7%
PRECSIT,13q34,AMP,816,2.5%
ALKBH1,14q24.3,HOMDEL,816,0.1%
LIN52,14q24.3,HOMDEL,816,0.2%
GAS8,16q24.3,HOMDEL,816,2.2%
MED6,14q24.2,HOMDEL,816,0.4%
ZNF552,19q13.43,AMP,816,2.6%
CLIP1,12q24.31,HOMDEL,816,0.1%
NPDC1,9q34.3,HOMDEL,816,0.4%
FAM89B,11q13.1,HOMDEL,816,0.2%
ACOT6,14q24.3,HOMDEL,816,0.4%
DNAH10OS,12q24.31,HOMDEL,816,0.4%
CSMD1,8p23.2,HOMDEL,816,8.7%
AKNAD1,1p13.3,HOMDEL,816,0.5%
FUT7,9q34.3,HOMDEL,816,0.4%
SNX32,11q13.1,HOMDEL,816,0.2%
CTSW,11q13.1,HOMDEL,816,0.2%
ADAM11,17q21.31,HOMDEL,816,0.6%
RAPGEF1,9q34.13,HOMDEL,816,0.5%
LRRC8C,1p22.2,HOMDEL,816,0.1%
FAM234B,12p13.1,HOMDEL,816,0.6%
PGAM5,12q24.33,HOMDEL,816,0.5%
PCNX3,11q13.1,HOMDEL,816,0.2%
NKAPD1,11q23.1,HOMDEL,816,1.6%
RAMP2,17q21.2,HOMDEL,816,0.4%
RCC2,1p36.13,HOMDEL,816,0.6%
C5AR1,19q13.32,HOMDEL,816,0.1%
CELP,9q34.13,HOMDEL,816,0.2%
PPY,17q21.31,HOMDEL,816,0.5%
BAD,11q13.1,HOMDEL,816,0.1%
KAZN,1p36.21,HOMDEL,816,0.7%
NRSN2,20p13,HOMDEL,816,0.9%
RSC1A1,1p36.21,HOMDEL,816,0.7%
CCT2,12q15,AMP,816,3.9%
PAFAH1B2,11q23.3,HOMDEL,816,1.2%
IL6ST,5q11.2,HOMDEL,816,1.5%
TMEM233,12q24.23,HOMDEL,816,0.6%
IL11,19q13.42,AMP,816,2.7%
SPATA31A5,9q12,HOMDEL,816,1.0%
PRDM7,16q24.3,HOMDEL,816,2.2%
ACOT1,14q24.3,HOMDEL,816,0.4%
RIMBP2,12q24.33,HOMDEL,816,0.4%
SNORD68,16q24.3,HOMDEL,816,2.2%
TERT,5p15.33,AMP,816,3.1%
LRCOL1,12q24.33,HOMDEL,816,0.5%
CACFD1,9q34.2,HOMDEL,816,0.4%
TSHR,14q24-q31,HOMDEL,816,0.1%
CCDC127,5p15.33,AMP,816,2.7%
GPR65,14q31.3,HOMDEL,816,0.1%
STH,17q21.31,HOMDEL,816,0.5%
PLEKHM1,17q21.31,HOMDEL,816,0.5%
FBXO42,1p36.13,HOMDEL,816,0.6%
ANKRD10,13q34,AMP,816,2.5%
RPLP0,12q24.23,HOMDEL,816,0.2%
SPATA21,1p36.13,HOMDEL,816,0.6%
CAPN1,11q13.1,HOMDEL,816,0.2%
TMED8,14q24.3,HOMDEL,816,0.1%
SPON2,4p16.3,HOMDEL,816,0.9%
RNA5SP184,5q11.2,HOMDEL,816,1.5%
HDAC10,22q13.33,HOMDEL,816,0.9%
FRG2,4q35.2,HOMDEL,816,2.1%
CATSPERE,1q44,AMP,816,14.0%
PLA2G2A,1p36.13,HOMDEL,816,0.5%
GRAMD4,22q13.31,HOMDEL,816,0.9%
PRDX5,11q13.1,HOMDEL,816,0.1%
SBF1,22q13.33,HOMDEL,816,0.9%
CFAP97,4q35.1,HOMDEL,816,1.7%
TFDP1,13q34,AMP,816,2.6%
LINC00899,22q13.31,HOMDEL,816,0.6%
NRXN2,11q13.1,HOMDEL,816,0.2%
RDH11,14q24.1,HOMDEL,816,0.1%
NOTCH1,9q34.3,HOMDEL,816,0.5%
ZC3H18,16q24.2,HOMDEL,816,2.0%
SLC38A3,3p21.31,HOMDEL,816,0.6%
TMED11P,4p16.3,HOMDEL,816,0.9%
TUBB3,16q24.3,HOMDEL,816,2.2%
ATP13A2,1p36.13,HOMDEL,816,0.6%
FAM217A,6p25.2,HOMDEL,816,1.0%
EFEMP2,11q13.1,HOMDEL,816,0.2%
PRAMEF20,1p36.21,HOMDEL,816,0.6%
KIAA1549L,11p13,AMP,816,3.1%
PRSS35,6q14.2,HOMDEL,816,0.2%
ZNF264,19q13.43,AMP,816,2.3%
FARP1,13q32.2,AMP,816,2.7%
CFAP206,6q15,HOMDEL,816,0.4%
MUC8,12q24.33,HOMDEL,816,0.6%
NXPE2,11q23.2,HOMDEL,816,1.3%
CPT1B,22q13.33,HOMDEL,816,0.9%
METTL21EP,13q33.1,AMP,816,2.1%
BATF2,11q13.1,HOMDEL,816,0.2%
LYRM2,6q15,HOMDEL,816,0.6%
ZNF718,4p16.3,HOMDEL,816,0.9%
ACSL1,4q35.1,HOMDEL,816,1.7%
UBE3D,6q14.1,HOMDEL,816,0.2%
MAX,14q23.3,HOMDEL,816,0.1%
FRMD1,6q27,HOMDEL,816,1.2%
RN7SKP10,13q34,AMP,816,2.7%
PSMD9,12q24.31,HOMDEL,816,0.2%
PDPN,1p36.21,HOMDEL,816,0.5%
CCR10,17q21.2,HOMDEL,816,0.5%
TRIML1,4q35.2,HOMDEL,816,2.1%
IFFO2,1p36.13,HOMDEL,816,0.5%
GSTM2,1p13.3,HOMDEL,816,0.2%
GFAP,17q21.31,HOMDEL,816,0.6%
RNA5SP185,5q11.2,HOMDEL,816,1.6%
DNLZ,9q34.3,HOMDEL,816,0.5%
RGS6,14q24.2,HOMDEL,816,0.5%
CAMKV,3p21.31,HOMDEL,816,0.6%
ADAMTSL4-AS1,1q21.2,AMP,816,15.2%
MBNL2,13q32.1,AMP,816,2.5%
PNMA8B,19q13.32,HOMDEL,816,0.1%
F7,13q34,AMP,816,2.7%
PLEKHD1,14q24.1,HOMDEL,816,0.2%
DEF8,16q24.3,HOMDEL,816,2.2%
TCF15,20p13,HOMDEL,816,1.0%
APOA1,11q23.3,HOMDEL,816,1.2%
ATP6V0A2,12q24.31,HOMDEL,816,0.2%
NELFB,9q34.3,HOMDEL,816,0.4%
TTC38,22q13.31,HOMDEL,816,0.6%
TUBB4B,9q34.3,HOMDEL,816,0.4%
F10,13q34,AMP,816,2.7%
TMEM141,9q34.3,HOMDEL,816,0.4%
OPN3,1q43,AMP,816,13.8%
SAPCD2,9q34.3,HOMDEL,816,0.4%
GARIN5B,19q13.42,AMP,816,2.7%
WDR5,9q34.2,HOMDEL,816,0.2%
PPARA,22q13.31,HOMDEL,816,0.6%
KCTD21,11q14.1,AMP,816,7.5%
TMEM150B,19q13.42,AMP,816,2.8%
LINC00452,13q34,AMP,816,2.7%
PAPLN,14q24.2,HOMDEL,816,0.4%
VPS9D1,16q24.3,HOMDEL,816,2.2%
NOXRED1,14q24.3,HOMDEL,816,0.1%
ZFPL1,11q13.1,HOMDEL,816,0.2%
BPHL,6p25.2,HOMDEL,816,1.0%
CCDC196,14q23.3,HOMDEL,816,0.1%
GATC,12q24.31,HOMDEL,816,0.1%
UBAC2,13q32.3,AMP,816,2.7%
HORMAD1,1q21.3,AMP,816,15.3%
BATF,14q24.3,HOMDEL,816,0.2%
SLIRP-OT1,14q24.3,HOMDEL,816,0.1%
RNA5SP183,5q11.2,HOMDEL,816,1.3%
CCDC85B,11q13.1,HOMDEL,816,0.2%
PTGIR,19q13.32,HOMDEL,816,0.1%
FAM20C,7p22.3,HOMDEL,816,0.6%
RN7SKP7,13q32.1,AMP,816,2.3%
QARS1,3p21.31,HOMDEL,816,0.5%
PXDC1,6p25.2,HOMDEL,816,1.0%
GALNT9,12q24.33,HOMDEL,816,0.6%
RN7SKP9,13q32.3,AMP,816,2.6%
ULK4P3,15q13.2,HOMDEL,816,2.3%
RN7SKP8,13q32.2,AMP,816,2.6%
GSTM1,1p13.3,HOMDEL,816,0.2%
GOLGA8Q,15q13.2,HOMDEL,816,2.3%
DOCK9,13q32.3,AMP,816,2.8%
ZNG1C,9q21.11,HOMDEL,816,1.0%
MYL5,4p16.3,HOMDEL,816,0.9%
DDX47,12p13.1,HOMDEL,816,0.6%
SPATA31A7,9q12,HOMDEL,816,1.0%
ZNF256,19q13.43,AMP,816,2.3%
TFB2M,1q44,AMP,816,14.2%
QRFP,9q34.12,HOMDEL,816,0.2%
REXO4,9q34.2,HOMDEL,816,0.2%
TRIML2,4q35.2,HOMDEL,816,2.1%
DESI2,1q44,AMP,816,14.0%
ULK1,12q24.33,HOMDEL,816,0.7%
SPG7,16q24.3,HOMDEL,816,2.2%
CLCC1,1p13.3,HOMDEL,816,0.4%
SARS1,1p13.3,HOMDEL,816,0.2%
SPATA31A1,9p12,HOMDEL,816,1.0%
VEGFB,11q13.1,HOMDEL,816,0.1%
CHRFAM7A,15q13.2,HOMDEL,816,2.3%
SETD9,5q11.2,HOMDEL,816,1.5%
LAMC3,9q34.12,HOMDEL,816,0.2%
LRP2BP,4q35.1,HOMDEL,816,1.7%
HYAL3,3p21.31,HOMDEL,816,0.7%
CDKN2A-AS1,9p21.3,HOMDEL,816,3.2%
AMIGO1,1p13.3,HOMDEL,816,0.2%
UNCX,7p22.3,HOMDEL,816,0.5%
ZNF587,19q13.43,AMP,816,2.3%
ARHGEF10L,1p36.13,HOMDEL,816,0.6%
GTF2H3,12q24.31,HOMDEL,816,0.2%
C9ORF163,9q34.3,HOMDEL,816,0.5%
ZNF417,19q13.43,AMP,816,2.3%
TOR1A,9q34.11,HOMDEL,816,0.4%
C3ORF20,3p25.1,AMP,816,2.3%
ZNF418,19q13.43,AMP,816,2.3%
DDAH1,1p22.3,AMP,816,3.6%
IP6K2,3p21.31,HOMDEL,816,0.5%
C19ORF18,19q13.43,AMP,816,2.3%
SLC35A1,6q15,HOMDEL,816,0.4%
OLFM1,9q34.3,HOMDEL,816,0.6%
LINC00343,13q33.2,AMP,816,2.1%
MRPL47,3q26.33,AMP,816,4.9%
THRSP,11q14.1,AMP,816,7.7%
APOA4,11q23.3,HOMDEL,816,1.2%
NICN1,3p21.31,HOMDEL,816,0.5%
MIPOL1,14q13.3-q21.1,AMP,816,2.3%
PPP6R2,22q13.33,HOMDEL,816,0.9%
HMCN2,9q34.11,HOMDEL,816,0.4%
NCAPH2,22q13.33,HOMDEL,816,0.9%
DPF2,11q13.1,HOMDEL,816,0.2%
SLC16A1,1p13.2,HOMDEL,816,0.4%
PADI2,1p36.13,HOMDEL,816,0.6%
ETV4,17q21.31,HOMDEL,816,0.5%
MAPK12,22q13.33,HOMDEL,816,0.9%
HSPB2,11q23.1,HOMDEL,816,1.6%
DBH,9q34.2,HOMDEL,816,0.4%
HIPK3,11p13,AMP,816,3.2%
EXOC2,6p25.3,HOMDEL,816,1.5%
SLC22A20P,11q13.1,HOMDEL,816,0.2%
CFAP97D1,17q21.31,HOMDEL,816,0.5%
EXOSC2,9q34.12,HOMDEL,816,0.2%
RNH1,11p15.5,HOMDEL,816,0.9%
RFPL4AL1,19q13.42,AMP,816,2.8%
BRCA1,17q21.31,HOMDEL,816,0.9%
ARL6IP4,12q24.31,HOMDEL,816,0.2%
IHO1,3p21.31,HOMDEL,816,0.5%
ZNF703,8p11.23,AMP,816,13.1%
CASP14,19p13.12,AMP,816,2.7%
IRX2,5p15.33,AMP,816,2.2%
MAMDC4,9q34.3,HOMDEL,816,0.4%
IRX2-DT,5p15.33,AMP,816,2.2%
PSMG4,6p25.2,HOMDEL,816,1.0%
NDUFAF4,6q16.1,HOMDEL,816,0.2%
FIZ1,19q13.42,AMP,816,2.8%
VPS37B,12q24.31,HOMDEL,816,0.1%
KCNT1,9q34.3,HOMDEL,816,0.5%
ZNF548,19q13.43,AMP,816,2.0%
USP22,17p11.2,AMP,816,2.3%
ZSCAN5A,19q13.43,AMP,816,2.6%
INTS4,11q14.1,AMP,816,8.3%
DIPK1B,9q34.3,HOMDEL,816,0.4%
ATF4P4,11q23.2,HOMDEL,816,1.5%
ZNF695,1q44,AMP,816,14.5%
DOP1A,6q14.1,HOMDEL,816,0.4%
NXPE4,11q23.2,HOMDEL,816,1.5%
LRRC39,1p21.2,HOMDEL,816,0.1%
FAM131C,1p36.13,HOMDEL,816,0.7%
EPS8L1,19q13.42,AMP,816,2.6%
PLEKHF1,19q12,AMP,816,4.0%
RNA5SP54,1p13.3,HOMDEL,816,0.2%
ATXN7L3,17q21.31,HOMDEL,816,0.5%
CLDN22,4q35.1,HOMDEL,816,1.7%
CAPZA1,1p13.2,HOMDEL,816,0.4%
SCRT2,20p13,HOMDEL,816,0.7%
ABHD13,13q33.3,AMP,816,2.5%
ZDHHC22,14q24.3,HOMDEL,816,0.1%
PTPRH,19q13.42,AMP,816,2.8%
SCARB1,12q24.31,HOMDEL,816,0.2%
LINC00501,3q26.32,AMP,816,4.9%
TUBGCP6,22q13.33,HOMDEL,816,0.9%
NT5E,6q14.3,HOMDEL,816,0.2%
DENND2D,1p13.3-p13.2,HOMDEL,816,0.2%
CD59,11p13,AMP,816,3.1%
RNY4P27,13q32.1,AMP,816,2.2%
DDX31,9q34.13,HOMDEL,816,0.1%
COQ5,12q24.31,HOMDEL,816,0.1%
TTF1,9q34.13,HOMDEL,816,0.1%
NAT14,19q13.42,AMP,816,2.7%
TCTN2,12q24.31,HOMDEL,816,0.2%
ANKRD17,4q13.3,AMP,816,2.2%
STXBP3,1p13.3,HOMDEL,816,0.2%
ADPRHL1,13q34,AMP,816,2.6%
GPR180,13q32.1,AMP,816,2.1%
ITGA2B,17q21.31,HOMDEL,816,0.6%
INAFM1,19q13.32,HOMDEL,816,0.1%
U2AF2,19q13.42,AMP,816,2.9%
DLST,14q24.3,HOMDEL,816,0.2%
ACYP1,14q24.3,HOMDEL,816,0.2%
EXOC3,5p15.33,AMP,816,2.7%
FCF1,14q24.3,HOMDEL,816,0.2%
MOV10L1,22q13.33,HOMDEL,816,0.9%
DEFB132,20p13,HOMDEL,816,0.9%
CIMIP2A,9q34.3,HOMDEL,816,0.4%
CABP1,12q24.31,HOMDEL,816,0.1%
TBC1D7,6p24.1,AMP,816,2.9%
SPACA7,13q34,AMP,816,2.5%
FAM171A2,17q21.31,HOMDEL,816,0.6%
ZNRD2,11q13.1,HOMDEL,816,0.2%
CIMIP7,3p21.31,HOMDEL,816,0.5%
RNY3P6,13q32.3,AMP,816,2.7%
MCOLN3,1p22.3,HOMDEL,816,0.1%
ARL17A,17q21.31,HOMDEL,816,0.5%
LINC00443,13q33.3,AMP,816,2.1%
SNORD79,1q25.1,HOMDEL,816,2.0%
SPATA31A6,9p11.2,HOMDEL,816,1.0%
SMIM17,19q13.43,AMP,816,2.3%
RNASEH2C,11q13.1,HOMDEL,816,0.2%
ANKRD55,5q11.2,HOMDEL,816,1.6%
GABRR2,6q15,HOMDEL,816,0.5%
AOC2,17q21.31,HOMDEL,816,0.4%
LINC00454,13q34,AMP,816,2.7%
PTGES3L,17q21.31,HOMDEL,816,0.4%
GSG1,12p13.1,HOMDEL,816,0.6%
MRPS25,3p25.1,AMP,816,2.1%
DPH7,9q34.3,HOMDEL,816,0.6%
CDH15,16q24.3,HOMDEL,816,2.0%
SLC49A3,4p16.3,HOMDEL,816,0.9%
SDHAP3,5p15.33,AMP,816,2.3%
MVD,16q24.2,HOMDEL,816,2.0%
TUBBP5,9q34.3,HOMDEL,816,0.7%
SCYL1,11q13.1,HOMDEL,816,0.2%
LRRC37A2,17q21.31,HOMDEL,816,0.5%
ZIC5,13q32.3,AMP,816,2.9%
SUSD6,14q24.1,HOMDEL,816,0.2%
RNA5SP388,14q24.3,HOMDEL,816,0.1%
LRIG2,1p13.2,HOMDEL,816,0.4%
MFAP2,1p36.13,HOMDEL,816,0.6%
CELSR1,22q13.31,HOMDEL,816,0.6%
OLFM3,1p21.1,HOMDEL,816,0.2%
MAJIN,11q13.1,HOMDEL,816,0.2%
UBTF,17q21.31,HOMDEL,816,0.6%
GFI1B,9q34.13,HOMDEL,816,0.1%
HYAL1,3p21.31,HOMDEL,816,0.7%
CDC42EP2,11q13.1,HOMDEL,816,0.2%
LINC00404,13q34,AMP,816,2.5%
ZNF772,19q13.43,AMP,816,2.2%
ZNF268,12q24.33,HOMDEL,816,0.5%
ABCB9,12q24.31,HOMDEL,816,0.2%
SPPL2C,17q21.31,HOMDEL,816,0.5%
LINC00411,13q32.3,AMP,816,2.3%
FAM149A,4q35.1,HOMDEL,816,1.7%
ING2,4q35.1,HOMDEL,816,1.7%
SZRD1,1p36.13,HOMDEL,816,0.6%
MYBPHL,1p13.3,HOMDEL,816,0.2%
SNORD36B,9q34.2,HOMDEL,816,0.2%
CHFR,12q24.33,HOMDEL,816,0.5%
CPSF6,12q15,AMP,816,4.2%
AGPAT2,9q34.3,HOMDEL,816,0.5%
FANCA,16q24.3,HOMDEL,816,2.2%
DUX4L4,4q35.2,HOMDEL,816,2.1%
FOXF2,6p25.3,HOMDEL,816,1.3%
FOXA1,14q21.1,AMP,816,1.8%
PLA2G2C,1p36.12,HOMDEL,816,0.6%
ARSA,22q13.33,HOMDEL,816,0.9%
ANKRD30BP2,21q11.2,HOMDEL,816,2.2%
DBNDD1,16q24.3,HOMDEL,816,2.2%
OR2T27,1q44,AMP,816,14.1%
ANKRD20A3P,9q21.11,HOMDEL,816,1.0%
FGFRL1,4p16.3,HOMDEL,816,0.9%
PTS,11q23.1,HOMDEL,816,1.5%
CCDC71,3p21.31,HOMDEL,816,0.5%
RB1,13q14.2,HOMDEL,816,4.7%
DEFB127,20p13,HOMDEL,816,0.9%
BORCS5,12p13.2,HOMDEL,816,0.9%
PRAMEF6,1p36.21,HOMDEL,816,0.6%
RIPPLY2,6q14.2,HOMDEL,816,0.4%
AMY2B,1p21.1,HOMDEL,816,0.2%
NAA80,3p21.31,HOMDEL,816,0.7%
PLPP7,9q34.13,HOMDEL,816,0.2%
STARD3,17q12,AMP,816,12.6%
THYN1,11q25,HOMDEL,816,2.0%
DDAH1,1p22.3,HOMDEL,816,0.1%
FOXC1,6p25.3,HOMDEL,816,1.3%
NCAPD3,11q25,HOMDEL,816,2.0%
SNORD36C,9q34.2,HOMDEL,816,0.2%
EIF3B,7p22.3,HOMDEL,816,0.5%
TTYH3,7p22.3,HOMDEL,816,0.4%
ZNF154,19q13.43,AMP,816,2.5%
WNK1,12p13.33,AMP,816,4.2%
MPP2,17q21.31,HOMDEL,816,0.5%
RBM25,14q24.2,HOMDEL,816,0.2%
RNA5SP131,3p21.31,HOMDEL,816,0.7%
GCSAML,1q44,AMP,816,14.1%
IL31,12q24.31,HOMDEL,816,0.2%
ACAD8,11q25,HOMDEL,816,2.0%
RUNDC3A,17q21.31,HOMDEL,816,0.6%
COLCA1,11q23.1,HOMDEL,816,1.6%
MYO16,13q33.3,AMP,816,2.6%
WNK4,17q21.2,HOMDEL,816,0.4%
TMEM89,3p21.31,HOMDEL,816,0.5%
RNF214,11q23.3,HOMDEL,816,1.2%
ENTR1,9q34.3,HOMDEL,816,0.5%
CIMAP1B,22q13.33,HOMDEL,816,0.9%
LPAR6,13q14.2,HOMDEL,816,3.3%
OR2T35,1q44,AMP,816,14.1%
PCSK7,11q23.3,HOMDEL,816,1.2%
HOATZ,11q23.1,HOMDEL,816,1.6%
CIMAP1A,11p15.5,HOMDEL,816,0.9%
PRAMEF11,1p36.21,HOMDEL,816,0.6%
CADM1,11q23.3,HOMDEL,816,1.3%
ZFP36L1,14q24.1,HOMDEL,816,0.4%
OR14A2,1q44,AMP,816,14.1%
PLET1,11q23.1,HOMDEL,816,1.5%
CCDC60,12q24.23,HOMDEL,816,0.2%
SPATA31A3,9q21.11,HOMDEL,816,1.0%
EXOC3-AS1,5p15.33,AMP,816,2.7%
KLF16,19p13.3,HOMDEL,816,1.0%
ENTPD8,9q34.3,HOMDEL,816,0.4%
C6ORF163,6q15,HOMDEL,816,0.4%
PADI1,1p36.13,HOMDEL,816,0.6%
TPPP,5p15.33,AMP,816,2.7%
ERH,14q24.1,HOMDEL,816,0.2%
LCN6,9q34.3,HOMDEL,816,0.4%
CFAP96,4q35.1,HOMDEL,816,1.7%
TTC6,14q21.1,AMP,816,2.2%
FUBP3,9q34.11-q34.12,HOMDEL,816,0.2%
GABRR1,6q15,HOMDEL,816,0.5%
UPF3A,13q34,AMP,816,2.3%
YEATS4,12q15,AMP,816,4.2%
MPP3,17q21.31,HOMDEL,816,0.5%
B3GNT4,12q24.31,HOMDEL,816,0.2%
POU2AF3,11q23.1,HOMDEL,816,1.6%
CCN1,1p22.3,HOMDEL,816,0.1%
PRAMEF15,1p36.21,HOMDEL,816,0.6%
CATSPERZ,11q13.1,HOMDEL,816,0.1%
FAM27E3,9q21.11,HOMDEL,816,1.0%
EGFL7,9q34.3,HOMDEL,816,0.5%
C11ORF87,11q22.3,HOMDEL,816,1.5%
HEATR4,14q24.3,HOMDEL,816,0.4%
ARIH2OS,3p21.31,HOMDEL,816,0.5%
C3ORF18,3p21.31,HOMDEL,816,0.6%
OR2T6,1q44,AMP,816,14.1%
GPR183,13q32.3,AMP,816,2.6%
FIBP,11q13.1,HOMDEL,816,0.2%
DUX4,4q35.2,HOMDEL,816,2.1%
CALM3,19q13.32,HOMDEL,816,0.1%
PXN,12q24.23,HOMDEL,816,0.2%
OLFML3,1p13.2,HOMDEL,816,0.2%
KCNK10,14q31.3,HOMDEL,816,0.1%
PCID2,13q34,AMP,816,2.7%
PHPT1,9q34.3,HOMDEL,816,0.4%
HGSNAT,8p11.21-p11.1,HOMDEL,816,1.3%
SNORD36A,9q34.2,HOMDEL,816,0.2%
SYT6,1p13.2,HOMDEL,816,0.4%
HROB,17q21.31,HOMDEL,816,0.5%
IFITM3,11p15.5,HOMDEL,816,0.9%
STX2,12q24.33,HOMDEL,816,0.4%
LINC02897,1q44,AMP,816,14.3%
SNORD31,11q12.3,AMP,816,2.3%
STAT5A,17q21.2,HOMDEL,816,0.5%
SLC1A5,19q13.32,HOMDEL,816,0.1%
SLC6A12,12p13.33,AMP,816,4.2%
DLAT,11q23.1,HOMDEL,816,1.6%
FAM95B1,9p11.2,HOMDEL,816,1.0%
CYB5R4,6q14.2,HOMDEL,816,0.4%
DCT,13q32.1,AMP,816,2.1%
AURKC,19q13.43,AMP,816,2.3%
TMEM238,19q13.42,AMP,816,2.7%
MAP2K4,17p12,HOMDEL,816,3.1%
MCF2L,13q34,AMP,816,2.6%
SLC6A3,5p15.33,AMP,816,2.6%
SNORA49,12q24.33,HOMDEL,816,0.7%
AADACL3,1p36.21,HOMDEL,816,0.5%
CELSR3,3p21.31,HOMDEL,816,0.5%
LCN12,9q34.3,HOMDEL,816,0.4%
PRAMEF2,1p36.21,HOMDEL,816,0.6%
NACC2,9q34.3,HOMDEL,816,0.5%
GNAT2,1p13.3,HOMDEL,816,0.2%
ECM1,1q21.2,AMP,816,14.8%
NUDT22,11q13.1,HOMDEL,816,0.1%
LCN8,9q34.3,HOMDEL,816,0.4%
SLIRP,14q24.3,HOMDEL,816,0.1%
REXO2,11q23.2,HOMDEL,816,1.5%
ZNF470,19q13.43,AMP,816,2.2%
ZNF749,19q13.43,AMP,816,2.0%
CTBP1,4p16.3,HOMDEL,816,0.7%
TCP10L2,6q27,HOMDEL,816,1.3%
TM7SF2,11q13.1,HOMDEL,816,0.2%
COX19,7p22.3,HOMDEL,816,0.5%
BCL10,1p22.3,HOMDEL,816,0.1%
NPC2,14q24.3,HOMDEL,816,0.2%
RBM5,3p21.31,HOMDEL,816,0.6%
TLR3,4q35.1,HOMDEL,816,1.7%
HNRNPU,1q44,AMP,816,14.0%
FAU,11q13.1,HOMDEL,816,0.2%
ZFYVE1,14q24.2,HOMDEL,816,0.4%
ZBED4,22q13.33,HOMDEL,816,0.9%
FAM74A6,9q12,HOMDEL,816,1.0%
IFITM5,11p15.5,HOMDEL,816,0.9%
LINC02913,9q34.11,HOMDEL,816,0.2%
VASH1,14q24.3,HOMDEL,816,0.1%
SLC6A13,12p13.33,AMP,816,4.2%
PAXX,9q34.3,HOMDEL,816,0.4%
ATP6V1D,14q23.3,HOMDEL,816,0.2%
EMC1,1p36.13,HOMDEL,816,0.5%
ABCD4,14q24.3,HOMDEL,816,0.2%
PRAMEF1,1p36.21,HOMDEL,816,0.6%
HCAR2,12q24.31,HOMDEL,816,0.1%
CCDC92,12q24.31,HOMDEL,816,0.4%
PXMP2,12q24.33,HOMDEL,816,0.5%
HIGD1B,17q21.31,HOMDEL,816,0.6%
CACNA1B,9q34.3,HOMDEL,816,0.7%
PYY,17q21.31,HOMDEL,816,0.5%
CACNA2D2,3p21.31,HOMDEL,816,0.9%
FAM215B,17q21.31,HOMDEL,816,0.5%
NBPF6,1p13.3,HOMDEL,816,0.2%
RBM6,3p21.31,HOMDEL,816,0.6%
MEIOC,17q21.31,HOMDEL,816,0.6%
GPR18,13q32.3,AMP,816,2.6%
CARS2,13q34,AMP,816,2.5%
PCGF3,4p16.3,HOMDEL,816,0.9%
DRAM2,1p13.3,HOMDEL,816,0.4%
MLH3,14q24.3,HOMDEL,816,0.2%
CTU2,16q24.3,HOMDEL,816,2.0%
RAB35,12q24.23,HOMDEL,816,0.2%
TAFA3,1p13.2,HOMDEL,816,0.4%
MAPT,17q21.31,HOMDEL,816,0.5%
RETREG3,17q21.2,HOMDEL,816,0.5%
TMEM250,9q34.3,HOMDEL,816,0.5%
STAT3,17q21.2,HOMDEL,816,0.5%
LRRC43,12q24.31,HOMDEL,816,0.2%
ACTL6A,3q26.33,AMP,816,4.9%
CFAP68,11q23.1,HOMDEL,816,1.6%
PTPN22,1p13.2,HOMDEL,816,0.2%
SLC52A3,20p13,HOMDEL,816,0.6%
CLDN24,4q35.1,HOMDEL,816,1.7%
SLC10A2,13q33.1,AMP,816,2.1%
DDI2,1p36.21,HOMDEL,816,0.7%
KCNK7,11q13.1,HOMDEL,816,0.2%
RNF186,1p36.13,HOMDEL,816,0.5%
UGGT2,13q32.1,AMP,816,2.1%
SETX,9q34.13,HOMDEL,816,0.2%
PIH1D2,11q23.1,HOMDEL,816,1.6%
PRKAR2A,3p21.31,HOMDEL,816,0.5%
SYVN1,11q13.1,HOMDEL,816,0.2%
ATP6V0A1,17q21.2,HOMDEL,816,0.5%
ANO9,11p15.5,HOMDEL,816,0.9%
RPRD2,1q21.2,AMP,816,14.8%
TMEM132C,12q24.32,HOMDEL,816,0.5%
SLC9A3,5p15.33,AMP,816,2.7%
IBTK,6q14.1,HOMDEL,816,0.2%
CHST12,7p22.3,HOMDEL,816,0.5%
PRIMPOL,4q35.1,HOMDEL,816,1.7%
ZFAND2A,7p22.3,HOMDEL,816,0.5%
LINC00578,3q26.32,AMP,816,5.4%
TCF3,19p13.3,HOMDEL,816,1.1%
TUBG2,17q21.2,HOMDEL,816,0.5%
ZMAT3,3q26.32,AMP,816,4.8%
PDLIM3,4q35.1,HOMDEL,816,1.7%
FAT1,4q35.2,HOMDEL,816,2.1%
MMS22L,6q16.1,HOMDEL,816,0.2%
DUSP16,12p13.2,HOMDEL,816,0.6%
SLC15A1,13q32.2-q32.3,AMP,816,2.9%
GAS8-AS1,16q24.3,HOMDEL,816,2.2%
KCNK4,11q13.1,HOMDEL,816,0.1%
RND2,17q21.31,HOMDEL,816,0.4%
PRAMEF16,1p36.21,HOMDEL,816,0.6%
ZNF217,20q13.2,AMP,816,9.3%
ATP11A,13q34,AMP,816,2.6%
TMEM106A,17q21.31,HOMDEL,816,0.5%
DUSP22,6p25.3,HOMDEL,816,1.5%
RSBN1,1p13.2,HOMDEL,816,0.2%
CELSR2,1p13.3,HOMDEL,816,0.2%
CYP4F29P,21q11.2,HOMDEL,816,2.2%
ADORA3,1p13.2,HOMDEL,816,0.2%
EFCAB2,1q44,AMP,816,14.2%
POMK,8p11.21,HOMDEL,816,1.3%
GPC6,13q31.3-q32.1,AMP,816,2.3%
PRKAR1B,7p22.3,HOMDEL,816,0.6%
ZNF805,19q13.43,AMP,816,2.3%
ZMYND19,9q34.3,HOMDEL,816,0.6%
ZPR1,11q23.3,HOMDEL,816,1.2%
CCDC62,12q24.31,HOMDEL,816,0.1%
PKP3,11p15.5,HOMDEL,816,0.9%
RIC8A,11p15.5,HOMDEL,816,0.9%
CENPU,4q35.1,HOMDEL,816,1.7%
CLDN10,13q32.1,AMP,816,2.2%
ERG28,14q24.3,HOMDEL,816,0.1%
USP13,3q26.33,AMP,816,4.9%
TCF25,16q24.3,HOMDEL,816,2.2%
ZNF211,19q13.43,AMP,816,2.3%
ACOT4,14q24.3,HOMDEL,816,0.4%
ZNF274,19q13.43,AMP,816,2.1%
COL11A1,1p21.1,HOMDEL,816,0.2%
MCL1,1q21.2,AMP,816,15.2%
POP4,19q12,AMP,816,3.9%
BTG4,11q23.1,HOMDEL,816,1.6%
FOXQ1,6p25.3,HOMDEL,816,1.3%
ZNF84,12q24.33,HOMDEL,816,0.5%
SPATA32,17q21.31,HOMDEL,816,0.7%
ORC3,6q15,HOMDEL,816,0.2%
ADCK1,14q24.3,HOMDEL,816,0.2%
OBP2B,9q34.2,HOMDEL,816,0.2%
BCO2,11q23.1,HOMDEL,816,1.5%
SIK2,11q23.1,HOMDEL,816,1.6%
CAMK2N1,1p36.12,HOMDEL,816,0.5%
SNRNP35,12q24.31,HOMDEL,816,0.2%
TBL1XR1,3q26.32,AMP,816,5.0%
EHMT1,9q34.3,HOMDEL,816,0.7%
VAV3,1p13.3,HOMDEL,816,0.4%
SSC5D,19q13.42,AMP,816,2.8%
GTF3C4,9q34.13,HOMDEL,816,0.1%
RASSF1,3p21.31,HOMDEL,816,0.7%
C12ORF43,12q24.31,HOMDEL,816,0.1%
IL18,11q23.1,HOMDEL,816,1.6%
LINC00460,13q33.2,AMP,816,2.2%
LCN15,9q34.3,HOMDEL,816,0.4%
AP5B1,11q13.1,HOMDEL,816,0.2%
PAEP,9q34.3,HOMDEL,816,0.5%
ZCCHC8,12q24.31,HOMDEL,816,0.1%
ZNF721,4p16.3,HOMDEL,816,0.9%
URI1,19q12,AMP,816,4.0%
DNAI3,1p22.3,HOMDEL,816,0.4%
KMT5A,12q24.31,HOMDEL,816,0.2%
NBPF5P,1p13.3,HOMDEL,816,0.2%
FMNL1,17q21.31,HOMDEL,816,0.7%
GNG8,19q13.32,HOMDEL,816,0.1%
WNT2B,1p13.2,HOMDEL,816,0.4%
MAP4K2,11q13.1,HOMDEL,816,0.2%
AHSA1,14q24.3,HOMDEL,816,0.1%
VRTN,14q24.3,HOMDEL,816,0.2%
OR1I1,19p13.1,AMP,816,2.7%
RNA5SP366,12q23.1,HOMDEL,816,0.5%
TUBB8P7,16q24.3,HOMDEL,816,2.2%
LINC00671,17q21.31,HOMDEL,816,0.4%
MORN3,12q24.31,HOMDEL,816,0.1%
GAS6,13q34,AMP,816,2.7%
GNA12,7p22.3-p22.2,HOMDEL,816,0.5%
HCAR1,12q24.31,HOMDEL,816,0.1%
AGMAT,1p36.21,HOMDEL,816,0.7%
PPP5C,19q13.32,HOMDEL,816,0.1%
C9ORF50,9q34.11,HOMDEL,816,0.4%
PRAMEF14,1p36.21,HOMDEL,816,0.6%
NSMCE3,15q13.1,HOMDEL,816,2.3%
MAGI3,1p13.2,HOMDEL,816,0.2%
KCNC4,1p13.3,HOMDEL,816,0.4%
CCDC9,19q13.32,HOMDEL,816,0.1%
VSX2,14q24.3,HOMDEL,816,0.2%
COL7A1,3p21.31,HOMDEL,816,0.5%
GTSE1,22q13.31,HOMDEL,816,0.6%
LINC00359,13q32.1,AMP,816,2.5%
GPR61,1p13.3,HOMDEL,816,0.2%
SUN1,7p22.3,HOMDEL,816,0.5%
SASS6,1p21.2,HOMDEL,816,0.1%
ECI2,6p25.2,HOMDEL,816,1.0%
RAP1A,1p13.2,HOMDEL,816,0.2%
HELT,4q35.1,HOMDEL,816,1.7%
SLC34A3,9q34.3,HOMDEL,816,0.4%
HTR3B,11q23.2,HOMDEL,816,1.5%
NOL7,6p23,AMP,816,2.8%
WWC2,4q35.1,HOMDEL,816,2.1%
OR2G6,1q44,AMP,816,14.1%
RNA5SP37,13q32.1,AMP,816,2.5%
RNA5SP36,13q32.1,AMP,816,2.1%
RNA5SP35,13q31.3,AMP,816,2.1%
ANXA11,10q22.3,AMP,816,2.7%
UBR4,1p36.13,HOMDEL,816,0.5%
ZNF460,19q13.43,AMP,816,2.3%
ZIC2,13q32.3,AMP,816,2.9%
UCN2,3p21.31,HOMDEL,816,0.5%
METTL21C,13q33.1,AMP,816,2.2%
DCAF4,14q24.2,HOMDEL,816,0.2%
DNAAF5,7p22.3,HOMDEL,816,0.5%
CDK2AP1,12q24.31,HOMDEL,816,0.1%
AOC4P,17q21.31,HOMDEL,816,0.4%
CCDC103,17q21.31,HOMDEL,816,0.6%
PRPF38B,1p13.3,HOMDEL,816,0.2%
TMEM167B,1p13.3,HOMDEL,816,0.2%
NLRP9,19q13.42,AMP,816,2.8%
ARG2,14q24.1,HOMDEL,816,0.2%
TTC9,14q24.2,HOMDEL,816,0.4%
ZNF419,19q13.43,AMP,816,2.2%
TMEM132B,12q24.31,HOMDEL,816,0.4%
RNPC3,1p21.1,HOMDEL,816,0.2%
HTR1E,6q14.3,HOMDEL,816,0.2%
EP400,12q24.33,HOMDEL,816,0.7%
GJB7,6q14.3-q15,HOMDEL,816,0.4%
DENR,12q24.31,HOMDEL,816,0.1%
RNA5SP38,13q33.2,AMP,816,2.2%
LINC00944,12q24.32,HOMDEL,816,0.4%
ZNF784,19q13.42,AMP,816,2.8%
CYB561D2,3p21.31,HOMDEL,816,0.7%
ZNF524,19q13.42,AMP,816,2.8%
RNA5SP39,13q33.3,AMP,816,2.5%
IPO5,13q32.2,AMP,816,2.9%
GPRC5D,12p13.1,HOMDEL,816,0.6%
ZNF891,12q24.33,HOMDEL,816,0.5%
ERC1,12p13.33,AMP,816,4.2%
TEX30,13q33.1,AMP,816,2.2%
C9ORF78,9q34.11,HOMDEL,816,0.4%
RNF123,3p21.31,HOMDEL,816,0.5%
BUD13,11q23.3,HOMDEL,816,1.2%
SLC22A11,11q13.1,HOMDEL,816,0.1%
TMEM184A,7p22.3,HOMDEL,816,0.4%
SPDYC,11q13.1,HOMDEL,816,0.2%
EIF5AL1,10q22.3,AMP,816,2.7%
ZSCAN5B,19q13.43,AMP,816,2.6%
ZNF658,9q21.11,HOMDEL,816,1.0%
GMDS,6p25.3,HOMDEL,816,1.5%
RFPL4A,19q13.42,AMP,816,2.8%
SLC15A4,12q24.33,HOMDEL,816,0.5%
NOC4L,12q24.33,HOMDEL,816,0.6%
TCP11L1,11p13,AMP,816,3.2%
ILVBL,19p13.12,AMP,816,2.7%
RNF166,16q24.2-q24.3,HOMDEL,816,2.0%
ENTREP2,15q13.1,HOMDEL,816,2.3%
TOR1B,9q34.11,HOMDEL,816,0.4%
DRD2,11q23.2,HOMDEL,816,1.5%
RASGRP2,11q13.1,HOMDEL,816,0.2%
ELAPOR1,1p13.3,HOMDEL,816,0.2%
SRSF9,12q24.31,HOMDEL,816,0.1%
ATP5PB,1p13.2,HOMDEL,816,0.2%
C11ORF71,11q23.2,HOMDEL,816,1.5%
MAFK,7p22.3,HOMDEL,816,0.4%
CFAP251,12q24.31,HOMDEL,816,0.2%
USP19,3p21.31,HOMDEL,816,0.5%
PLA2G1B,12q24.31,HOMDEL,816,0.2%
ZFP42,4q35.2,HOMDEL,816,2.1%
ZMYND10,3p21.31,HOMDEL,816,0.7%
LRRC26,9q34.3,HOMDEL,816,0.4%
PIWIL1,12q24.33,HOMDEL,816,0.4%
CDKN2AIP,4q35.1,HOMDEL,816,1.7%
PIGH,14q24.1,HOMDEL,816,0.1%
BRSK1,19q13.42,AMP,816,2.8%
CNTNAP3,9p12,HOMDEL,816,1.0%
TMEM51-AS2,1p36.21,HOMDEL,816,0.7%
OR2T1,1q44,AMP,816,14.1%
RHOA,3p21.31,HOMDEL,816,0.5%
TOR4A,9q34.3,HOMDEL,816,0.4%
DDX20,1p13.2,HOMDEL,816,0.2%
SLC2A6,9q34.2,HOMDEL,816,0.4%
MLEC,12q24.31,HOMDEL,816,0.1%
CFL1,11q13.1,HOMDEL,816,0.2%
SDK1,7p22.2,HOMDEL,816,0.4%
ZNF587B,19q13.43,AMP,816,2.6%
ISOC2,19q13.42,AMP,816,2.7%
ZNF17,19q13.43,AMP,816,2.0%
MRM2,7p22.3,HOMDEL,816,0.6%
STIP1,11q13.1,HOMDEL,816,0.1%
SLC12A7,5p15.33,AMP,816,2.7%
CLNS1A,11q14.1,AMP,816,8.0%
LOH12CR2,12p13.2,HOMDEL,816,0.5%
COQ6,14q24.3,HOMDEL,816,0.2%
TENT5A,6q14.1,HOMDEL,816,0.2%
GOLGA8F,15q13.1,HOMDEL,816,2.3%
FUT9,6q16.1,HOMDEL,816,0.4%
NCKIPSD,3p21.31,HOMDEL,816,0.5%
COX16,14q24.2,HOMDEL,816,0.4%
RNA5SP251,8p23.2,HOMDEL,816,6.5%
AJM1,9q34.3,HOMDEL,816,0.4%
LRRC37A,17q21.31,HOMDEL,816,0.5%
MBL1P,10q22.3,AMP,816,2.7%
DPH5,1p21.2,HOMDEL,816,0.2%
RAN,12q24.33,HOMDEL,816,0.4%
TAGLN,11q23.3,HOMDEL,816,1.2%
ANGEL1,14q24.3,HOMDEL,816,0.1%
CSTF3,11p13,AMP,816,3.1%
PLPPR5,1p21.3,HOMDEL,816,0.1%
PEG3,19q13.43,AMP,816,2.2%
GRTP1,13q34,AMP,816,2.7%
SRXN1,20p13,HOMDEL,816,0.9%
KCNA10,1p13.3,HOMDEL,816,0.2%
CNTD1,17q21.2-q21.31,HOMDEL,816,0.4%
HP1BP3,1p36.12,HOMDEL,816,0.5%
NINJ2,12p13.33,AMP,816,4.2%
ZC3H4,19q13.32,HOMDEL,816,0.1%
ACADS,12q24.31,HOMDEL,816,0.1%
KLHL32,6q16.1,HOMDEL,816,0.2%
RNA5SP210,6q14.1,HOMDEL,816,0.2%
HERC2P9,15q13.1,HOMDEL,816,2.3%
TSC1,9q34.13,HOMDEL,816,0.2%
ADGRD1,12q24.33,HOMDEL,816,0.4%
LINC00676,13q34,AMP,816,2.8%
SEC16A,9q34.3,HOMDEL,816,0.5%
ACOT2,14q24.3,HOMDEL,816,0.4%
FBXL14,12p13.33,AMP,816,3.8%
MAP3K1,5q11.2,HOMDEL,816,1.5%
NKD2,5p15.33,AMP,816,2.7%
TMEM120B,12q24.31,HOMDEL,816,0.2%
RAD51B,14q24.1,HOMDEL,816,0.7%
RALGDS,9q34.13-q34.2,HOMDEL,816,0.2%
RHOC,1p13.2,HOMDEL,816,0.4%
KLHDC7A,1p36.13,HOMDEL,816,0.7%
LINC01600,6p25.2,HOMDEL,816,1.1%
MCOLN2,1p22.3,HOMDEL,816,0.1%
CEP128,14q31.1,HOMDEL,816,0.2%
SDHA,5p15.33,AMP,816,2.7%
ING1,13q34,AMP,816,2.5%
APOA5,11q23.3,HOMDEL,816,1.2%
CRELD2,22q13.33,HOMDEL,816,0.9%
ZNF444,19q13.43,AMP,816,2.6%
OR14I1,1q44,AMP,816,14.1%
DCAF5,14q24.1,HOMDEL,816,0.4%
OR2T5,1q44,AMP,816,14.1%
C3ORF62,3p21.31,HOMDEL,816,0.5%
VIPAS39,14q24.3,HOMDEL,816,0.1%
FHAD1,1p36.21,HOMDEL,816,0.7%
OR2T2,1q44,AMP,816,14.1%
APOLD1,12p13.1,HOMDEL,816,0.7%
LINC00900,11q23.3,HOMDEL,816,1.2%
